"80,09", "80,04"
"80,09", "80,05"
"80,08", "80,04"
"80,09", "80,04"
"80,08", "80,04"
"80,09", "80,05"
"80,09", "80,05"
"80,08", "80,04"
"80,09", "80,05"
"80,09", "80,05"
"80,08", "80,04"
"80,08", "80,04"
"80,09", "80,05"
"80,09", "80,05"
"80,09", "80,05"
"80,09", "80,05"
"80,09", "80,05"
"80,08", "80,05"
"80,09", "80,04"
"80,09", "80,04"
"80,08", "80,05"
"80,09", "80,04"
"80,09", "80,05"
"80,08", "80,05"
"80,09", "80,05"
"80,09", "80,05"
"80,09", "80,05"
"80,09", "80,04"
"80,10", "80,05"
"80,08", "80,04"
"80,09", "80,04"
"80,09", "80,05"
"80,08", "80,04"
"80,09", "80,04"
"80,09", "80,06"
"80,09", "80,04"
"80,08", "80,04"
"80,08", "80,05"
"80,08", "80,04"
"80,09", "80,04"
"80,09", "80,05"
"80,09", "80,04"
"80,09", "80,05"
"80,09", "80,04"
"80,09", "80,04"
"80,09", "80,05"
"80,08", "80,04"
"80,09", "80,04"
"80,09", "80,04"
"80,08", "80,05"
"80,08", "80,04"
"80,09", "80,05"
"80,08", "80,04"
"80,09", "80,05"
"80,09", "80,05"
"80,09", "80,04"
"80,09", "80,04"
"80,09", "80,04"
"80,09", "80,05"
"80,09", "80,04"
"80,08", "80,04"
"80,09", "80,05"
"80,09", "80,04"
"80,08", "80,04"
"80,09", "80,05"
"80,08", "80,04"
"80,09", "80,05"
"80,09", "80,05"
"80,08", "80,04"
"80,09", "80,05"
"80,08", "80,05"
"80,09", "80,04"
"80,09", "80,05"
"80,09", "80,04"
"80,08", "80,04"
"80,08", "80,04"
"80,08", "80,05"
"80,08", "80,04"
"80,09", "80,05"
"80,09", "80,04"
"80,09", "80,05"
"80,09", "80,05"
"80,08", "80,04"
"80,09", "80,05"
"80,08", "80,04"
"80,10", "80,05"
"80,08", "80,04"
"80,09", "80,05"
"80,09", "80,04"
"80,08", "80,04"
"80,09", "80,05"
"80,09", "80,04"
"80,08", "80,05"
"80,08", "80,04"
"80,09", "80,06"
"80,08", "80,04"
"80,09", "80,05"
"80,08", "80,05"
"80,08", "80,05"
"80,09", "80,05"
"80,09", "80,05"
"80,09", "80,04"
"80,08", "80,04"
"80,08", "80,04"
"80,08", "80,04"
"80,08", "80,04"
"80,09", "80,05"
"80,09", "80,04"
"80,09", "80,05"
"80,09", "80,04"
"80,08", "80,03"
"80,09", "80,05"
"80,09", "80,04"
"80,08", "80,03"
"80,08", "80,03"
"80,09", "80,05"
"80,08", "80,03"
"80,09", "80,05"
"80,09", "80,04"
"80,09", "80,04"
"80,09", "80,05"
"80,08", "80,03"
"80,08", "80,05"
"80,08", "80,05"
"80,09", "80,04"
"80,09", "80,04"
"80,08", "80,05"
"80,08", "80,04"
"80,08", "80,04"
"80,08", "80,04"
"80,08", "80,04"
"80,09", "80,04"
"80,08", "80,04"
"80,09", "80,05"
"80,08", "80,04"
"80,09", "80,04"
"80,09", "80,04"
"80,08", "80,03"
"80,08", "80,04"
"80,08", "80,04"
"80,09", "80,04"
"80,08", "80,04"
"80,09", "80,05"
"80,09", "80,04"
"80,08", "80,05"
"80,09", "80,05"
"80,08", "80,04"
"80,09", "80,04"
"80,09", "80,04"
"80,08", "80,04"
"80,09", "80,04"
"80,08", "80,05"
"80,08", "80,05"
"80,08", "80,05"
"80,08", "80,04"
"80,08", "80,04"
"80,08", "80,04"
"80,08", "80,04"
"80,08", "80,04"
"80,08", "80,04"
"80,08", "80,04"
"80,09", "80,04"
"80,08", "80,04"
"80,08", "80,03"
"80,09", "80,04"
"80,09", "80,05"
"80,09", "80,04"
"80,08", "80,05"
"80,08", "80,04"
"80,09", "80,04"
"80,09", "80,04"
"80,09", "80,04"
"80,08", "80,05"
"80,09", "80,05"
"80,09", "80,04"
"80,09", "80,04"
"80,08", "80,04"
"80,08", "80,04"
"80,08", "80,04"
"80,08", "80,03"
"80,08", "80,04"
"80,08", "80,03"
"80,08", "80,04"
"80,09", "80,04"
"80,08", "80,04"
"80,09", "80,04"
"80,09", "80,05"
"80,08", "80,04"
"80,08", "80,04"
"80,08", "80,04"
"80,08", "80,04"
"80,08", "80,04"
"80,09", "80,04"
"80,08", "80,04"
"80,09", "80,04"
"80,09", "80,04"
"80,09", "80,04"
"80,09", "80,04"
"80,09", "80,04"
"80,09", "80,04"
"80,08", "80,04"
"80,08", "80,04"
"80,09", "80,03"
"80,08", "80,03"
"80,08", "80,04"
"80,08", "80,04"
"80,09", "80,04"
"80,08", "80,04"
"80,08", "80,04"
"80,08", "80,04"
"80,09", "80,05"
"80,08", "80,03"
"80,08", "80,04"
"80,09", "80,04"
"80,09", "80,05"
"80,08", "80,04"
"80,08", "80,03"
"80,08", "80,04"
"80,09", "80,04"
"80,08", "80,04"
"80,08", "80,04"
"80,08", "80,04"
"80,09", "80,04"
"80,07", "80,01"
"80,09", "80,05"
"80,09", "80,04"
"80,08", "80,03"
"80,09", "80,05"
"80,08", "80,03"
"80,08", "80,03"
"80,09", "80,05"
"80,08", "80,04"
"80,09", "80,04"
"80,08", "80,04"
"80,09", "80,05"
"80,09", "80,04"
"80,08", "80,03"
"80,08", "80,04"
"80,08", "80,04"
"80,08", "80,04"
"80,08", "80,03"
"80,09", "80,05"
"80,09", "80,05"
"80,08", "80,04"
"80,08", "80,04"
"80,08", "80,04"
"80,09", "80,04"
"80,08", "80,05"
"80,08", "80,05"
"80,08", "80,04"
"80,09", "80,04"
"80,08", "80,04"
"80,09", "80,05"
"80,08", "80,04"
"80,08", "80,05"
"80,08", "80,04"
"80,09", "80,04"
"80,09", "80,05"
"80,09", "80,05"
"80,09", "80,04"
"80,09", "80,05"
"80,09", "80,04"
"80,09", "80,04"
"80,08", "80,05"
"80,09", "80,05"
"80,09", "80,04"
"80,09", "80,04"
"80,09", "80,05"
"80,08", "80,03"
"80,08", "80,04"
"80,08", "80,04"
"80,08", "80,05"
"80,08", "80,05"
"80,08", "80,05"
"80,08", "80,04"
"80,09", "80,04"
"80,09", "80,05"
"80,09", "80,04"
"80,09", "80,04"
"80,09", "80,05"
"80,09", "80,05"
"80,08", "80,04"
"80,09", "80,04"
"80,08", "80,04"
"80,09", "80,05"
"80,09", "80,04"
"80,09", "80,04"
"80,09", "80,05"
"80,08", "80,04"
"80,09", "80,05"
"80,08", "80,05"
"80,09", "80,05"
"80,09", "80,04"
"80,08", "80,04"
"80,09", "80,05"
"80,08", "80,05"
"80,09", "80,05"
"80,09", "80,05"
"80,08", "80,05"
"80,08", "80,04"
"80,08", "80,04"
"80,07", "80,02"
"80,08", "80,05"
"80,09", "80,04"
"80,09", "80,04"
"80,09", "80,05"
"80,09", "80,04"
"80,09", "80,03"
"80,09", "80,04"
"80,09", "80,05"
"80,09", "80,04"
"80,09", "80,04"
"80,09", "80,04"
"80,08", "80,04"
"80,09", "80,04"
"80,09", "80,05"
"80,08", "80,04"
"80,09", "80,04"
"80,09", "80,05"
"80,08", "80,04"
"80,09", "80,04"
"80,08", "80,04"
"80,09", "80,04"
"80,08", "80,04"
"80,09", "80,04"
"80,08", "80,04"
"80,08", "80,04"
"80,09", "80,04"
"80,09", "80,04"
"80,08", "80,05"
"80,09", "80,05"
"80,09", "80,04"
"80,09", "80,04"
"80,08", "80,03"
"80,09", "80,05"
"80,09", "80,04"
"80,09", "80,04"
"80,08", "80,04"
"80,09", "80,05"
"80,09", "80,04"
"80,09", "80,05"
"80,09", "80,04"
"80,08", "80,04"
"80,09", "80,05"
"80,09", "80,04"
"80,09", "80,04"
"80,08", "80,04"
"80,09", "80,05"
"80,09", "80,05"
"80,08", "80,04"
"80,09", "80,05"
"80,08", "80,04"
"80,08", "80,05"
"80,09", "80,04"
"80,09", "80,04"
"80,08", "80,04"
"80,09", "80,04"
"80,08", "80,04"
"80,09", "80,04"
"80,09", "80,04"
"80,09", "80,04"
"80,09", "80,05"
"80,08", "80,04"
"80,09", "80,04"
"80,09", "80,05"
"80,08", "80,03"
"80,09", "80,04"
"80,09", "80,04"
"80,08", "80,04"
"80,09", "80,05"
"80,09", "80,05"
"80,08", "80,03"
"80,09", "80,05"
"80,08", "80,04"
"80,09", "80,05"
"80,08", "80,05"
"80,09", "80,04"
"80,08", "80,04"
"80,09", "80,04"
"80,08", "80,04"
"80,08", "80,04"
"80,09", "80,05"
"80,08", "80,04"
"80,09", "80,05"
"80,09", "80,04"
"80,09", "80,05"
"80,09", "80,03"
"80,08", "80,04"
"80,09", "80,05"
"80,09", "80,05"
"80,08", "80,03"
"80,09", "80,05"
"80,08", "80,04"
"80,09", "80,04"
"80,08", "80,04"
"80,09", "80,03"
"80,09", "80,05"
"80,09", "80,05"
"80,08", "80,04"
"80,08", "80,04"
"80,09", "80,04"
"80,08", "80,04"
"80,08", "80,04"
"80,09", "80,05"
"80,08", "80,04"
"80,09", "80,04"
"80,08", "80,04"
"80,09", "80,05"
"80,09", "80,04"
"80,09", "80,04"
"80,08", "80,03"
"80,09", "80,04"
"80,09", "80,04"
"80,09", "80,05"
"80,08", "80,04"
"80,08", "80,05"
"80,08", "80,04"
"80,09", "80,04"
"80,08", "80,05"
"80,09", "80,04"
"80,08", "80,03"
"80,09", "80,05"
"80,09", "80,04"
"80,08", "80,04"
"80,09", "80,05"
"80,08", "80,04"
"80,09", "80,04"
"80,08", "80,04"
"80,08", "80,04"
"80,09", "80,05"
"80,08", "80,05"
"80,08", "80,04"
"80,09", "80,05"
"80,08", "80,04"
"80,09", "80,04"
"80,09", "80,05"
"80,08", "80,04"
"80,09", "80,05"
"80,08", "80,04"
"80,08", "80,04"
"80,09", "80,05"
"80,08", "80,04"
"80,08", "80,03"
"80,08", "80,04"
"80,08", "80,04"
"80,08", "80,04"
"80,09", "80,05"
"80,08", "80,04"
"80,08", "80,04"
"80,09", "80,05"
"80,08", "80,04"
"80,08", "80,04"
"80,08", "80,04"
"80,09", "80,05"
"80,09", "80,05"
"80,08", "80,04"
"80,09", "80,04"
"80,09", "80,04"
"80,08", "80,04"
"80,09", "80,04"
"80,09", "80,05"
"80,09", "80,04"
"80,08", "80,04"
"80,09", "80,05"
"80,08", "80,03"
"80,08", "80,05"
"80,09", "80,05"
"80,08", "80,05"
"80,08", "80,05"
"80,08", "80,04"
"80,08", "80,03"
"80,08", "80,05"
"80,09", "80,04"
"80,08", "80,04"
"80,09", "80,05"
"80,08", "80,03"
"80,08", "80,04"
"80,09", "80,05"
"80,09", "80,05"
"80,09", "80,04"
"80,09", "80,04"
"80,09", "80,05"
"80,08", "80,04"
"80,08", "80,04"
"80,09", "80,05"
"80,08", "80,04"
"80,09", "80,05"
"80,08", "80,04"
"80,08", "80,04"
"80,08", "80,04"
"80,09", "80,04"
"80,08", "80,04"
"80,08", "80,05"
"80,08", "80,03"
"80,09", "80,04"
"80,09", "80,04"
"80,08", "80,04"
"80,08", "80,04"
"80,08", "80,04"
"80,09", "80,04"
"80,09", "80,04"
"80,09", "80,04"
"80,08", "80,04"
"80,08", "80,05"
"80,09", "80,05"
"80,09", "80,05"
"80,09", "80,05"
"80,08", "80,04"
"80,09", "80,05"
"80,08", "80,05"
"80,08", "80,05"
"80,09", "80,05"
"80,08", "80,04"
"80,08", "80,04"
"80,09", "80,04"
"80,09", "80,04"
"80,09", "80,04"
"80,08", "80,04"
"80,08", "80,04"
"80,09", "80,04"
"80,08", "80,04"
"80,09", "80,04"
"80,09", "80,04"
"80,08", "80,04"
"80,08", "80,05"
"80,08", "80,04"
"80,08", "80,05"
"80,09", "80,04"
"80,09", "80,04"
"80,08", "80,04"
"80,09", "80,04"
"80,08", "80,04"
"80,08", "80,04"
"80,09", "80,04"
"80,09", "80,04"
"80,08", "80,05"
"80,09", "80,05"
"80,09", "80,05"
"80,09", "80,04"
"80,08", "80,04"
"80,08", "80,04"
"80,08", "80,04"
"80,09", "80,05"
"80,08", "80,05"
"80,09", "80,04"
"80,09", "80,05"
"80,09", "80,05"
"80,09", "80,04"
"80,09", "80,05"
"80,09", "80,05"
"80,08", "80,04"
"80,09", "80,03"
"80,09", "80,04"
"80,08", "80,04"
"80,09", "80,05"
"80,08", "80,04"
"80,09", "80,05"
"80,09", "80,05"
"80,08", "80,04"
"80,09", "80,04"
"80,09", "80,05"
"80,09", "80,04"
"80,08", "80,04"
"80,09", "80,05"
"80,09", "80,05"
"80,08", "80,04"
"80,09", "80,05"
"80,09", "80,04"
"80,09", "80,04"
"80,09", "80,05"
"80,08", "80,04"
"80,09", "80,05"
"80,09", "80,05"
"80,09", "80,04"
"80,09", "80,05"
"80,09", "80,04"
"80,08", "80,04"
"80,09", "80,04"
"80,08", "80,04"
"80,09", "80,04"
"80,09", "80,04"
"80,09", "80,04"
"80,08", "80,04"
"80,09", "80,05"
"80,09", "80,04"
"80,09", "80,05"
"80,08", "80,04"
"80,08", "80,04"
"80,08", "80,03"
"80,08", "80,05"
"80,09", "80,05"
"80,09", "80,05"
"80,09", "80,05"
"80,09", "80,04"
"80,08", "80,04"
"80,08", "80,04"
"80,09", "80,04"
"80,09", "80,05"
"80,09", "80,05"
"80,09", "80,05"
"80,09", "80,04"
"80,09", "80,04"
"80,08", "80,04"
"80,09", "80,05"
"80,09", "80,05"
"80,09", "80,04"
"80,09", "80,04"
"80,08", "80,04"
"80,08", "80,04"
"80,09", "80,04"
"80,08", "80,05"
"80,08", "80,04"
"80,08", "80,04"
"80,09", "80,05"
"80,08", "80,04"
"80,09", "80,04"
"80,08", "80,04"
"80,09", "80,05"
"80,08", "80,04"
"80,09", "80,05"
"80,08", "80,04"
"80,09", "80,04"
"80,08", "80,04"
"80,09", "80,03"
"80,08", "80,04"
"80,08", "80,04"
"80,08", "80,04"
"80,09", "80,05"
"80,08", "80,04"
"80,08", "80,04"
"80,08", "80,05"
"80,09", "80,04"
"80,09", "80,04"
"80,09", "80,04"
"80,08", "80,05"
"80,09", "80,05"
"80,08", "80,04"
"80,09", "80,05"
"80,09", "80,04"
"80,08", "80,04"
"80,08", "80,04"
"80,08", "80,04"
"80,09", "80,05"
"80,09", "80,04"
"80,09", "80,04"
"80,09", "80,05"
"80,09", "80,05"
"80,08", "80,03"
"80,09", "80,04"
"80,08", "80,04"
"80,08", "80,04"
"80,09", "80,05"
"80,08", "80,04"
"80,08", "80,05"
"80,09", "80,04"
"80,09", "80,05"
"80,08", "80,04"
"80,08", "80,05"
"80,09", "80,04"
"80,08", "80,05"
"80,08", "80,04"
"80,08", "80,04"
"80,09", "80,06"
"80,08", "80,04"
"80,08", "80,04"
"80,08", "80,04"
"80,09", "80,05"
"80,09", "80,04"
"80,09", "80,04"
"80,09", "80,05"
"80,08", "80,05"
"80,09", "80,04"
"80,09", "80,05"
"80,08", "80,04"
"80,09", "80,05"
"80,08", "80,03"
"80,08", "80,04"
"80,09", "80,05"
"80,09", "80,04"
"80,09", "80,04"
"80,09", "80,05"
"80,09", "80,04"
"80,09", "80,05"
"80,08", "80,04"
"80,08", "80,05"
"80,09", "80,04"
"80,08", "80,05"
"80,08", "80,04"
"80,08", "80,04"
"80,08", "80,04"
"80,09", "80,05"
"80,08", "80,04"
"80,09", "80,05"
"80,09", "80,05"
"80,08", "80,04"
"80,09", "80,05"
"80,09", "80,05"
"80,08", "80,04"
"80,09", "80,05"
"80,08", "80,04"
"80,08", "80,05"
"80,09", "80,05"
"80,08", "80,05"
"80,09", "80,05"
"80,08", "80,04"
"80,09", "80,05"
"80,09", "80,04"
"80,09", "80,05"
"80,08", "80,04"
"80,09", "80,04"
"80,09", "80,05"
"80,08", "80,04"
"80,08", "80,04"
"80,08", "80,04"
"80,09", "80,05"
"80,09", "80,04"
"80,08", "80,04"
"80,09", "80,04"
"80,09", "80,05"
"80,08", "80,04"
"80,09", "80,05"
"80,08", "80,04"
"80,09", "80,05"
"80,08", "80,04"
"80,09", "80,04"
"80,09", "80,04"
"80,08", "80,04"
"80,09", "80,05"
"80,09", "80,04"
"80,09", "80,05"
"80,08", "80,04"
"80,09", "80,04"
"80,08", "80,04"
"80,08", "80,04"
"80,08", "80,04"
"80,09", "80,04"
"80,09", "80,04"
"80,08", "80,04"
"80,09", "80,04"
"80,08", "80,04"
"80,09", "80,04"
"80,09", "80,04"
"80,08", "80,04"
"80,08", "80,04"
"80,09", "80,05"
"80,09", "80,04"
"80,09", "80,05"
"80,08", "80,04"
"80,09", "80,05"
"80,08", "80,04"
"80,08", "80,05"
"80,09", "80,05"
"80,09", "80,04"
"80,09", "80,05"
"80,09", "80,05"
"80,09", "80,05"
"80,09", "80,05"
"80,08", "80,04"
"80,09", "80,05"
"80,08", "80,04"
"80,09", "80,05"
"80,09", "80,05"
"80,09", "80,05"
"80,09", "80,05"
"80,09", "80,05"
"80,08", "80,04"
"80,09", "80,05"
"80,08", "80,05"
"80,09", "80,05"
"80,09", "80,04"
"80,09", "80,05"
"80,08", "80,05"
"80,09", "80,03"
"80,09", "80,04"
"80,09", "80,05"
"80,09", "80,05"
"80,09", "80,04"
"80,09", "80,04"
"80,08", "80,04"
"80,09", "80,05"
"80,09", "80,04"
"80,09", "80,05"
"80,08", "80,04"
"80,09", "80,05"
"80,09", "80,04"
"80,09", "80,05"
"80,09", "80,04"
"80,09", "80,05"
"80,09", "80,04"
"80,09", "80,05"
"80,09", "80,05"
"80,09", "80,05"
"80,09", "80,04"
"80,09", "80,05"
"80,08", "80,04"
"80,09", "80,05"
"80,09", "80,05"
"80,09", "80,05"
"80,08", "80,05"
"80,08", "80,05"
"80,08", "80,04"
"80,09", "80,05"
"80,08", "80,05"
"80,09", "80,04"
"80,08", "80,05"
"80,09", "80,05"
"80,09", "80,04"
"80,09", "80,04"
"80,08", "80,04"
"80,09", "80,05"
"80,08", "80,05"
"80,09", "80,05"
"80,08", "80,04"
"80,09", "80,05"
"80,09", "80,05"
"80,09", "80,05"
"80,09", "80,04"
"80,09", "80,06"
"80,09", "80,05"
"80,09", "80,05"
"80,09", "80,05"
"80,09", "80,04"
"80,09", "80,04"
"80,09", "80,05"
"80,09", "80,04"
"80,09", "80,05"
"80,09", "80,05"
"80,09", "80,04"
"80,09", "80,05"
"80,09", "80,05"
"80,09", "80,05"
"80,09", "80,04"
"80,09", "80,05"
"80,09", "80,05"
"80,09", "80,05"
"80,08", "80,04"
"80,09", "80,04"
"80,09", "80,04"
"80,09", "80,04"
"80,08", "80,04"
"80,09", "80,05"
"80,09", "80,04"
"80,09", "80,04"
"80,08", "80,04"
"80,09", "80,04"
"80,09", "80,05"
"80,09", "80,04"
"80,09", "80,04"
"80,09", "80,04"
"80,09", "80,05"
"80,09", "80,04"
"80,08", "80,04"
"80,09", "80,04"
"80,08", "80,03"
"80,08", "80,04"
"80,08", "80,04"
"80,08", "80,04"
"80,09", "80,04"
"80,08", "80,04"
"80,08", "80,04"
"80,09", "80,05"
"80,09", "80,04"
"80,09", "80,04"
"80,09", "80,05"
"80,08", "80,03"
"80,09", "80,05"
"80,08", "80,04"
"80,09", "80,04"
"80,08", "80,04"
"80,09", "80,04"
"80,08", "80,05"
"80,08", "80,05"
"80,09", "80,04"
"80,09", "80,05"
"80,08", "80,04"
"80,08", "80,04"
"80,09", "80,04"
"80,08", "80,04"
"80,08", "80,05"
"80,08", "80,05"
"80,08", "80,05"
"80,09", "80,05"
"80,08", "80,04"
"80,09", "80,04"
"80,09", "80,05"
"80,08", "80,04"
"80,08", "80,05"
"80,09", "80,05"
"80,08", "80,04"
"80,09", "80,05"
"80,09", "80,04"
"80,08", "80,04"
"80,08", "80,04"
"80,09", "80,05"
"80,08", "80,04"
"80,09", "80,04"
"80,09", "80,04"
"80,09", "80,04"
"80,08", "80,05"
"80,08", "80,04"
"80,08", "80,04"
"80,08", "80,04"
"80,09", "80,04"
"80,09", "80,05"
"80,08", "80,05"
"80,08", "80,04"
"80,08", "80,04"
"80,08", "80,04"
"80,09", "80,05"
"80,08", "80,05"
"80,08", "80,04"
"80,09", "80,05"
"80,08", "80,04"
"80,08", "80,04"
"80,09", "80,04"
"80,09", "80,04"
"80,09", "80,04"
"80,08", "80,04"
"80,08", "80,04"
"80,08", "80,04"
"80,09", "80,04"
"80,09", "80,04"
"80,08", "80,04"
"80,09", "80,04"
"80,08", "80,04"
"80,09", "80,05"
"80,09", "80,04"
"80,09", "80,05"
"80,09", "80,04"
"80,09", "80,05"
"80,08", "80,05"
"80,09", "80,05"
"80,08", "80,05"
"80,09", "80,05"
"80,08", "80,05"
"80,09", "80,05"
"80,09", "80,05"
"80,09", "80,05"
"80,09", "80,04"
"80,09", "80,05"
"80,09", "80,04"
"80,08", "80,05"
"80,09", "80,05"
"80,09", "80,04"
"80,08", "80,05"
"80,09", "80,05"
"80,08", "80,05"
"80,09", "80,05"
"80,08", "80,04"
"80,09", "80,05"
"80,08", "80,05"
"80,09", "80,04"
"80,09", "80,05"
"80,08", "80,04"
"80,09", "80,05"
"80,09", "80,04"
"80,09", "80,05"
"80,08", "80,04"
"80,09", "80,05"
"80,08", "80,04"
"80,09", "80,05"
"80,09", "80,05"
"80,08", "80,05"
"80,08", "80,05"
"80,08", "80,05"
"80,09", "80,04"
"80,09", "80,04"
"80,08", "80,05"
"80,08", "80,04"
"80,08", "80,04"
"80,09", "80,05"
"80,09", "80,05"
"80,08", "80,05"
"80,08", "80,04"
"80,09", "80,04"
"80,09", "80,05"
"80,08", "80,04"
"80,09", "80,05"
"80,08", "80,04"
"80,09", "80,04"
"80,08", "80,05"
"80,09", "80,05"
"80,08", "80,04"
"80,09", "80,04"
"80,08", "80,04"
"80,09", "80,05"
"80,08", "80,04"
"80,08", "80,05"
"80,08", "80,04"
"80,09", "80,05"
"80,08", "80,04"
"80,08", "80,05"
"80,08", "80,04"
"80,08", "80,05"
"80,08", "80,05"
"80,08", "80,04"
"80,09", "80,05"
"80,09", "80,04"
"80,09", "80,04"
"80,08", "80,04"
"80,09", "80,05"
"80,09", "80,05"
"80,09", "80,05"
"80,08", "80,04"
"80,08", "80,05"
"80,09", "80,05"
"80,08", "80,05"
"80,09", "80,05"
"80,08", "80,04"
"80,08", "80,05"
"80,09", "80,04"
"80,08", "80,04"
"80,09", "80,05"
"80,08", "80,05"
"80,09", "80,05"
"80,09", "80,04"
"80,09", "80,05"
"80,09", "80,04"
"80,08", "80,04"
"80,09", "80,05"
"80,09", "80,05"
"80,08", "80,04"
"80,09", "80,04"
"80,09", "80,05"
"80,08", "80,04"
"80,08", "80,04"
"80,09", "80,05"
"80,08", "80,04"
"80,09", "80,05"
"80,09", "80,04"
"80,09", "80,04"
"80,09", "80,05"
"80,08", "80,05"
"80,08", "80,04"
"80,09", "80,05"
"80,08", "80,04"
"80,09", "80,04"
"80,08", "80,04"
"80,08", "80,04"
"80,09", "80,04"
"80,09", "80,05"
"80,09", "80,05"
"80,09", "80,04"
"80,08", "80,04"
"80,08", "80,04"
"80,09", "80,04"
"80,09", "80,04"
"80,08", "80,04"
"80,09", "80,05"
"80,09", "80,05"
"80,09", "80,04"
"80,09", "80,05"
"80,09", "80,04"
"80,09", "80,04"
"80,09", "80,05"
"80,09", "80,05"
"80,09", "80,05"
"80,09", "80,04"
"80,09", "80,04"
"80,09", "80,04"
"80,09", "80,04"
"80,08", "80,04"
"80,09", "80,04"
"80,09", "80,05"
"80,09", "80,04"
"80,09", "80,05"
"80,09", "80,04"
"80,08", "80,04"
"80,09", "80,05"
"80,09", "80,05"
"80,09", "80,05"
"80,08", "80,04"
"80,09", "80,05"
"80,09", "80,05"
"80,08", "80,04"
"80,09", "80,05"
"80,09", "80,04"
"80,09", "80,05"
"80,09", "80,04"
"80,08", "80,04"
"80,08", "80,04"
"80,08", "80,05"
"80,08", "80,05"
"80,09", "80,04"
"80,08", "80,04"
"80,09", "80,05"
"80,08", "80,05"
"80,09", "80,04"
"80,09", "80,05"
"80,08", "80,04"
"80,09", "80,04"
"80,08", "80,04"
"80,08", "80,04"
"80,09", "80,05"
"80,08", "80,04"
"80,08", "80,05"
"80,09", "80,04"
"80,09", "80,04"
"80,09", "80,05"
"80,09", "80,05"
"80,08", "80,03"
"80,09", "80,04"
"80,09", "80,04"
"80,08", "80,04"
"80,09", "80,04"
"80,08", "80,04"
"80,09", "80,05"
"80,08", "80,05"
"80,09", "80,04"
"80,09", "80,05"
"80,09", "80,04"
"80,08", "80,04"
"80,09", "80,04"
"80,08", "80,04"
"80,08", "80,04"
"80,08", "80,05"
"80,08", "80,04"
"80,09", "80,05"
"80,08", "80,05"
"80,08", "80,04"
"80,09", "80,05"
"80,08", "80,03"
"80,09", "80,05"
"80,09", "80,05"
"80,08", "80,05"
"80,08", "80,04"
"80,08", "80,05"
"80,09", "80,04"
"80,08", "80,04"
"80,09", "80,05"
"80,09", "80,05"
"80,08", "80,05"
"80,09", "80,05"
"80,08", "80,04"
"80,08", "80,04"
"80,09", "80,04"
"80,09", "80,04"
"80,08", "80,04"
"80,09", "80,04"
"80,08", "80,04"
"80,09", "80,05"
"80,08", "80,05"
"80,08", "80,04"
"80,09", "80,04"
"80,09", "80,05"
"80,09", "80,04"
"80,09", "80,05"
"80,09", "80,04"
"80,08", "80,03"
"80,09", "80,04"
"80,08", "80,04"
"80,09", "80,05"
"80,09", "80,05"
"80,08", "80,04"
"80,08", "80,04"
"80,09", "80,05"
"80,08", "80,04"
"80,09", "80,05"
"80,09", "80,05"
"80,09", "80,04"
"80,08", "80,04"
"80,08", "80,05"
"80,08", "80,05"
"80,09", "80,05"
"80,09", "80,04"
"80,08", "80,04"
"80,09", "80,05"
"80,08", "80,04"
"80,09", "80,05"
"80,08", "80,05"
"80,09", "80,05"
"80,08", "80,05"
"80,09", "80,05"
"80,09", "80,05"
"80,09", "80,04"
"80,09", "80,04"
"80,09", "80,04"
"80,09", "80,04"
"80,09", "80,05"
"80,09", "80,05"
"80,08", "80,04"
"80,09", "80,05"
"80,08", "80,04"
"80,09", "80,04"
"80,08", "80,05"
"80,09", "80,04"
"80,09", "80,04"
"80,08", "80,04"
"80,09", "80,04"
"80,09", "80,04"
"80,09", "80,05"
"80,08", "80,04"
"80,09", "80,05"
"80,08", "80,04"
"80,09", "80,04"
"80,09", "80,05"
"80,07", "80,04"
"80,09", "80,04"
"80,08", "80,04"
"80,08", "80,03"
"80,09", "80,05"
"80,08", "80,05"
"80,09", "80,04"
"80,08", "80,04"
"80,09", "80,05"
"80,08", "80,04"
"80,08", "80,04"
"80,08", "80,05"
"80,09", "80,05"
"80,09", "80,04"
"80,08", "80,04"
"80,09", "80,04"
"80,08", "80,04"
"80,09", "80,04"
"80,09", "80,04"
"80,09", "80,04"
"80,09", "80,05"
"80,08", "80,05"
"80,08", "80,04"
"80,09", "80,05"
"80,08", "80,05"
"80,08", "80,04"
"80,08", "80,05"
"80,09", "80,05"
"80,09", "80,05"
"80,09", "80,05"
"80,09", "80,04"
"80,09", "80,04"
"80,08", "80,04"
"80,09", "80,05"
"80,08", "80,04"
"80,09", "80,05"
"80,09", "80,04"
"80,09", "80,04"
"80,09", "80,05"
"80,09", "80,04"
"80,09", "80,04"
"80,08", "80,05"
"80,08", "80,04"
"80,09", "80,04"
"80,08", "80,04"
"80,09", "80,04"
"80,09", "80,04"
"80,09", "80,05"
"80,09", "80,05"
"80,08", "80,04"
"80,09", "80,05"
"80,09", "80,04"
"80,08", "80,05"
"80,09", "80,05"
"80,08", "80,04"
"80,08", "80,04"
"80,08", "80,04"
"80,09", "80,05"
"80,08", "80,04"
"80,08", "80,05"
"80,08", "80,03"
"80,08", "80,04"
"80,08", "80,04"
"80,08", "80,05"
"80,08", "80,04"
"80,08", "80,04"
"80,09", "80,04"
"80,09", "80,04"
"80,08", "80,03"
"80,09", "80,05"
"80,08", "80,04"
"80,09", "80,04"
"80,09", "80,05"
"80,08", "80,03"
"80,09", "80,04"
"80,09", "80,04"
"80,08", "80,03"
"80,08", "80,03"
"80,09", "80,04"
"80,09", "80,04"
"80,09", "80,05"
"80,09", "80,04"
"80,09", "80,04"
"80,08", "80,04"
"80,09", "80,04"
"80,08", "80,04"
"80,08", "80,04"
"80,08", "80,05"
"80,08", "80,04"
"80,08", "80,04"
"80,08", "80,04"
"80,08", "80,04"
"80,08", "80,04"
"80,08", "80,04"
"80,08", "80,04"
"80,08", "80,05"
"80,08", "80,03"
"80,09", "80,04"
"80,09", "80,05"
"80,09", "80,05"
"80,08", "80,04"
"80,08", "80,04"
"80,08", "80,04"
"80,08", "80,04"
"80,08", "80,03"
"80,08", "80,04"
"80,09", "80,05"
"80,08", "80,03"
"80,08", "80,03"
"80,08", "80,04"
"80,08", "80,03"
"80,08", "80,04"
"80,09", "80,04"
"80,08", "80,04"
"80,08", "80,04"
"80,08", "80,04"
"80,08", "80,04"
"80,08", "80,04"
"80,08", "80,05"
"80,08", "80,04"
"80,09", "80,05"
"80,09", "80,05"
"80,08", "80,04"
"80,09", "80,05"
"80,08", "80,05"
"80,08", "80,05"
"80,09", "80,04"
"80,08", "80,04"
"80,08", "80,04"
"80,08", "80,04"
"80,09", "80,04"
"80,08", "80,04"
"80,08", "80,04"
"80,08", "80,04"
"80,08", "80,04"
"80,08", "80,04"
"80,09", "80,05"
"80,08", "80,04"
"80,08", "80,04"
"80,09", "80,04"
"80,09", "80,05"
"80,09", "80,04"
"80,08", "80,04"
"80,09", "80,04"
"80,09", "80,05"
"80,09", "80,04"
"80,09", "80,05"
"80,08", "80,04"
"80,09", "80,04"
"80,09", "80,04"
"80,08", "80,04"
"80,09", "80,04"
"80,08", "80,03"
"80,08", "80,05"
"80,08", "80,03"
"80,08", "80,05"
"80,09", "80,04"
"80,09", "80,04"
"80,08", "80,04"
"80,09", "80,04"
"80,08", "80,04"
"80,08", "80,04"
"80,08", "80,03"
"80,08", "80,04"
"80,09", "80,04"
"80,08", "80,04"
"80,08", "80,04"
"80,08", "80,04"
"80,08", "80,04"
"80,09", "80,05"
"80,08", "80,04"
"80,09", "80,05"
"80,08", "80,05"
"80,09", "80,04"
"80,08", "80,04"
"80,09", "80,05"
"80,08", "80,04"
"80,08", "80,04"
"80,08", "80,04"
"80,09", "80,04"
"80,08", "80,04"
"80,08", "80,04"
"80,09", "80,04"
"80,09", "80,04"
"80,09", "80,04"
"80,08", "80,04"
"80,08", "80,04"
"80,08", "80,04"
"80,08", "80,03"
"80,08", "80,05"
"80,08", "80,04"
"80,08", "80,04"
"80,09", "80,04"
"80,08", "80,04"
"80,08", "80,03"
"80,09", "80,04"
"80,08", "80,04"
"80,09", "80,04"
"80,09", "80,04"
"80,07", "80,04"
"80,08", "80,04"
"80,08", "80,04"
"80,08", "80,03"
"80,08", "80,04"
"80,08", "80,04"
"80,09", "80,04"
"80,08", "80,04"
"80,08", "80,04"
"80,09", "80,04"
"80,08", "80,03"
"80,09", "80,04"
"80,09", "80,05"
"80,08", "80,04"
"80,09", "80,04"
"80,08", "80,03"
"80,08", "80,04"
"80,09", "80,04"
"80,09", "80,04"
"80,09", "80,03"
"80,08", "80,04"
"80,09", "80,04"
"80,08", "80,04"
"80,09", "80,04"
"80,08", "80,04"
"80,08", "80,04"
"80,08", "80,04"
"80,08", "80,04"
"80,08", "80,04"
"80,09", "80,04"
"80,08", "80,04"
"80,08", "80,03"
"80,07", "80,03"
"80,08", "80,03"
"80,09", "80,04"
"80,08", "80,04"
"80,08", "80,05"
"80,08", "80,04"
"80,09", "80,04"
"80,08", "80,04"
"80,08", "80,04"
"80,08", "80,05"
"80,08", "80,03"
"80,08", "80,03"
"80,08", "80,04"
"80,08", "80,03"
"80,08", "80,04"
"80,08", "80,05"
"80,08", "80,03"
"80,09", "80,04"
"80,09", "80,05"
"80,08", "80,03"
"80,09", "80,04"
"80,09", "80,05"
"80,08", "80,04"
"80,09", "80,04"
"80,08", "80,04"
"80,09", "80,04"
"80,08", "80,04"
"80,08", "80,04"
"80,08", "80,04"
"80,08", "80,04"
"80,08", "80,04"
"80,08", "80,04"
"80,09", "80,04"
"80,08", "80,04"
"80,09", "80,05"
"80,08", "80,03"
"80,08", "80,04"
"80,08", "80,04"
"80,08", "80,04"
"80,08", "80,04"
"80,08", "80,04"
"80,08", "80,04"
"80,08", "80,04"
"80,09", "80,04"
"80,08", "80,03"
"80,09", "80,05"
"80,08", "80,05"
"80,09", "80,04"
"80,08", "80,04"
"80,09", "80,05"
"80,08", "80,04"
"80,09", "80,05"
"80,08", "80,05"
"80,08", "80,04"
"80,08", "80,04"
"80,08", "80,03"
"80,08", "80,04"
"80,08", "80,04"
"80,08", "80,04"
"80,08", "80,04"
"80,09", "80,04"
"80,08", "80,04"
"80,09", "80,05"
"80,08", "80,03"
"80,08", "80,04"
"80,08", "80,04"
"80,08", "80,04"
"80,08", "80,04"
"80,09", "80,04"
"80,08", "80,04"
"80,08", "80,04"
"80,08", "80,04"
"80,08", "80,03"
"80,09", "80,04"
"80,08", "80,04"
"80,08", "80,04"
"80,09", "80,04"
"80,09", "80,04"
"80,08", "80,04"
"80,08", "80,05"
"80,08", "80,04"
"80,08", "80,04"
"80,08", "80,04"
"80,08", "80,04"
"80,09", "80,04"
"80,08", "80,04"
"80,08", "80,03"
"80,08", "80,04"
"80,09", "80,04"
"80,09", "80,04"
"80,08", "80,04"
"80,09", "80,05"
"80,08", "80,04"
"80,08", "80,04"
"80,09", "80,04"
"80,08", "80,04"
"80,09", "80,05"
"80,08", "80,04"
"80,08", "80,05"
"80,09", "80,05"
"80,08", "80,05"
"80,09", "80,05"
"80,08", "80,04"
"80,08", "80,04"
"80,09", "80,04"
"80,08", "80,05"
"80,08", "80,05"
"80,08", "80,05"
"80,08", "80,04"
"80,08", "80,05"
"80,08", "80,04"
"80,08", "80,04"
"80,08", "80,04"
"80,08", "80,04"
"80,08", "80,04"
"80,09", "80,04"
"80,08", "80,04"
"80,09", "80,05"
"80,08", "80,04"
"80,09", "80,04"
"80,09", "80,05"
"80,08", "80,04"
"80,09", "80,05"
"80,09", "80,04"
"80,08", "80,04"
"80,08", "80,04"
"80,08", "80,03"
"80,09", "80,04"
"80,08", "80,03"
"80,08", "80,04"
"80,09", "80,04"
"80,09", "80,04"
"80,08", "80,04"
"80,09", "80,04"
"80,08", "80,04"
"80,09", "80,04"
"80,08", "80,04"
"80,09", "80,04"
"80,08", "80,04"
"80,08", "80,04"
"80,09", "80,04"
"80,09", "80,04"
"80,09", "80,04"
"80,08", "80,04"
"80,08", "80,04"
"80,08", "80,04"
"80,07", "80,03"
"80,09", "80,05"
"80,08", "80,04"
"80,09", "80,04"
"80,08", "80,04"
"80,09", "80,05"
"80,08", "80,04"
"80,08", "80,04"
"80,09", "80,04"
"80,09", "80,04"
"80,08", "80,04"
"80,08", "80,04"
"80,08", "80,04"
"80,08", "80,04"
"80,09", "80,05"
"80,08", "80,04"
"80,08", "80,05"
"80,08", "80,04"
"80,08", "80,04"
"80,08", "80,05"
"80,08", "80,04"
"80,08", "80,05"
"80,09", "80,05"
"80,09", "80,05"
"80,08", "80,03"
"80,08", "80,04"
"80,09", "80,04"
"80,09", "80,05"
"80,08", "80,04"
"80,09", "80,04"
"80,09", "80,04"
"80,09", "80,06"
"80,08", "80,03"
"80,09", "80,05"
"80,09", "80,04"
"80,09", "80,04"
"80,09", "80,04"
"80,08", "80,03"
"80,09", "80,05"
"80,08", "80,05"
"80,08", "80,04"
"80,09", "80,05"
"80,08", "80,04"
"80,08", "80,04"
"80,08", "80,05"
"80,09", "80,05"
"80,08", "80,04"
"80,08", "80,04"
"80,08", "80,05"
"80,08", "80,05"
"80,09", "80,04"
"80,08", "80,04"
"80,09", "80,05"
"80,08", "80,04"
"80,09", "80,05"
"80,08", "80,05"
"80,08", "80,05"
"80,09", "80,04"
"80,08", "80,04"
"80,08", "80,04"
"80,08", "80,04"
"80,09", "80,05"
"80,08", "80,04"
"80,08", "80,04"
"80,09", "80,05"
"80,08", "80,03"
"80,09", "80,04"
"80,08", "80,04"
"80,09", "80,04"
"80,09", "80,05"
"80,08", "80,04"
"80,09", "80,05"
"80,08", "80,05"
"80,08", "80,04"
"80,09", "80,04"
"80,09", "80,03"
"80,08", "80,03"
"80,09", "80,04"
"80,09", "80,04"
"80,09", "80,04"
"80,08", "80,04"
"80,09", "80,04"
"80,09", "80,05"
"80,09", "80,05"
"80,08", "80,03"
"80,09", "80,04"
"80,08", "80,04"
"80,09", "80,04"
"80,08", "80,04"
"80,09", "80,05"
"80,08", "80,04"
"80,09", "80,04"
"80,08", "80,04"
"80,08", "80,03"
"80,09", "80,04"
"80,09", "80,05"
"80,09", "80,04"
"80,08", "80,04"
"80,09", "80,05"
"80,09", "80,04"
"80,09", "80,04"
"80,08", "80,04"
"80,09", "80,04"
"80,08", "80,04"
"80,09", "80,04"
"80,08", "80,03"
"80,08", "80,04"
"80,08", "80,04"
"80,08", "80,05"
"80,08", "80,04"
"80,09", "80,04"
"80,08", "80,05"
"80,09", "80,04"
"80,08", "80,03"
"80,09", "80,05"
"80,09", "80,04"
"80,09", "80,05"
"80,08", "80,04"
"80,09", "80,05"
"80,08", "80,04"
"80,09", "80,04"
"80,08", "80,03"
"80,09", "80,04"
"80,08", "80,04"
"80,09", "80,04"
"80,09", "80,04"
"80,08", "80,03"
"80,09", "80,04"
"80,08", "80,04"
"80,08", "80,03"
"80,08", "80,04"
"80,08", "80,04"
"80,09", "80,05"
"80,08", "80,05"
"80,08", "80,04"
"80,08", "80,04"
"80,09", "80,05"
"80,09", "80,04"
"80,09", "80,04"
"80,08", "80,04"
"80,08", "80,05"
"80,08", "80,04"
"80,08", "80,04"
"80,09", "80,05"
"80,08", "80,04"
"80,09", "80,05"
"80,08", "80,05"
"80,09", "80,04"
"80,08", "80,04"
"80,08", "80,03"
"80,08", "80,04"
"80,09", "80,04"
"80,08", "80,04"
"80,09", "80,04"
"80,08", "80,04"
"80,08", "80,04"
"80,08", "80,04"
"80,08", "80,04"
"80,08", "80,03"
"80,08", "80,04"
"80,09", "80,04"
"80,08", "80,04"
"80,09", "80,04"
"80,09", "80,04"
"80,09", "80,04"
"80,09", "80,04"
"80,08", "80,04"
"80,09", "80,04"
"80,09", "80,05"
"80,08", "80,03"
"80,09", "80,04"
"80,08", "80,03"
"80,08", "80,04"
"80,09", "80,04"
"80,09", "80,04"
"80,08", "80,04"
"80,09", "80,04"
"80,08", "80,03"
"80,09", "80,05"
"80,08", "80,04"
"80,08", "80,04"
"80,08", "80,03"
"80,08", "80,05"
"80,09", "80,03"
"80,08", "80,04"
"80,08", "80,04"
"80,09", "80,04"
"80,09", "80,04"
"80,09", "80,05"
"80,08", "80,04"
"80,08", "80,04"
"80,08", "80,05"
"80,08", "80,03"
"80,09", "80,04"
"80,08", "80,04"
"80,09", "80,05"
"80,08", "80,04"
"80,09", "80,05"
"80,08", "80,04"
"80,08", "80,04"
"80,08", "80,05"
"80,08", "80,03"
"80,08", "80,04"
"80,08", "80,04"
"80,08", "80,03"
"80,09", "80,05"
"80,08", "80,04"
"80,08", "80,04"
"80,08", "80,04"
"80,08", "80,04"
"80,08", "80,05"
"80,08", "80,04"
"80,08", "80,03"
"80,08", "80,04"
"80,09", "80,05"
"80,08", "80,04"
"80,09", "80,05"
"80,08", "80,03"
"80,09", "80,05"
"80,08", "80,05"
"80,08", "80,04"
"80,09", "80,05"
"80,09", "80,04"
"80,08", "80,05"
"80,08", "80,03"
"80,09", "80,04"
"80,08", "80,04"
"80,09", "80,04"
"80,09", "80,04"
"80,09", "80,05"
"80,09", "80,05"
"80,09", "80,04"
"80,09", "80,04"
"80,08", "80,04"
"80,09", "80,04"
"80,09", "80,04"
"80,08", "80,04"
"80,09", "80,04"
"80,08", "80,04"
"80,09", "80,04"
"80,08", "80,05"
"80,09", "80,04"
"80,09", "80,04"
"80,09", "80,05"
"80,08", "80,04"
"80,09", "80,05"
"80,08", "80,05"
"80,09", "80,04"
"80,08", "80,04"
"80,09", "80,04"
"80,08", "80,04"
"80,09", "80,04"
"80,08", "80,04"
"80,09", "80,05"
"80,09", "80,04"
"80,08", "80,04"
"80,09", "80,04"
"80,08", "80,04"
"80,09", "80,04"
"80,08", "80,04"
"80,09", "80,04"
"80,09", "80,04"
"80,09", "80,04"
"80,08", "80,04"
"80,08", "80,04"
"80,09", "80,04"
"80,08", "80,04"
"80,09", "80,04"
"80,08", "80,04"
"80,09", "80,05"
"80,08", "80,04"
"80,08", "80,03"
"80,09", "80,04"
"80,08", "80,05"
"80,09", "80,04"
"80,08", "80,04"
"80,09", "80,04"
"80,08", "80,04"
"80,09", "80,05"
"80,09", "80,05"
"80,08", "80,04"
"80,08", "80,04"
"80,09", "80,04"
"80,08", "80,05"
"80,08", "80,04"
"80,08", "80,04"
"80,08", "80,04"
"80,09", "80,04"
"80,08", "80,04"
"80,08", "80,04"
"80,09", "80,04"
"80,09", "80,05"
"80,08", "80,04"
"80,08", "80,05"
"80,08", "80,03"
"80,08", "80,04"
"80,09", "80,05"
"80,09", "80,05"
"80,08", "80,03"
"80,08", "80,04"
"80,09", "80,05"
"80,08", "80,04"
"80,08", "80,04"
"80,08", "80,04"
"80,09", "80,05"
"80,08", "80,04"
"80,09", "80,05"
"80,08", "80,04"
"80,08", "80,03"
"80,09", "80,04"
"80,07", "80,04"
"80,08", "80,04"
"80,08", "80,04"
"80,08", "80,03"
"80,08", "80,04"
"80,08", "80,04"
"80,09", "80,04"
"80,09", "80,04"
"80,08", "80,04"
"80,08", "80,04"
"80,08", "80,05"
"80,08", "80,04"
"80,08", "80,04"
"80,09", "80,05"
"80,08", "80,04"
"80,09", "80,05"
"80,08", "80,04"
"80,09", "80,04"
"80,09", "80,05"
"80,08", "80,03"
"80,08", "80,04"
"80,08", "80,04"
"80,08", "80,04"
"80,08", "80,04"
"80,09", "80,05"
"80,08", "80,04"
"80,09", "80,04"
"80,08", "80,04"
"80,08", "80,04"
"80,08", "80,05"
"80,08", "80,04"
"80,09", "80,05"
"80,08", "80,04"
"80,08", "80,04"
"80,08", "80,03"
"80,08", "80,04"
"80,08", "80,04"
"80,08", "80,03"
"80,09", "80,05"
"80,08", "80,04"
"80,08", "80,04"
"80,08", "80,04"
"80,09", "80,05"
"80,08", "80,05"
"80,08", "80,04"
"80,09", "80,05"
"80,08", "80,03"
"80,08", "80,04"
"80,08", "80,05"
"80,09", "80,04"
"80,08", "80,04"
"80,09", "80,04"
"80,08", "80,04"
"80,08", "80,05"
"80,08", "80,04"
"80,08", "80,04"
"80,08", "80,04"
"80,08", "80,05"
"80,08", "80,03"
"80,08", "80,04"
"80,08", "80,04"
"80,08", "80,05"
"80,08", "80,03"
"80,09", "80,04"
"80,08", "80,04"
"80,09", "80,04"
"80,09", "80,04"
"80,08", "80,04"
"80,08", "80,04"
"80,09", "80,05"
"80,09", "80,04"
"80,08", "80,05"
"80,08", "80,04"
"80,09", "80,05"
"80,08", "80,04"
"80,09", "80,04"
"80,08", "80,04"
"80,09", "80,05"
"80,08", "80,05"
"80,08", "80,04"
"80,09", "80,05"
"80,08", "80,04"
"80,09", "80,04"
"80,08", "80,04"
"80,09", "80,04"
"80,09", "80,04"
"80,08", "80,05"
"80,08", "80,04"
"80,08", "80,04"
"80,08", "80,04"
"80,08", "80,05"
"80,08", "80,04"
"80,08", "80,04"
"80,08", "80,04"
"80,09", "80,05"
"80,08", "80,04"
"80,08", "80,05"
"80,09", "80,05"
"80,08", "80,03"
"80,09", "80,04"
"80,08", "80,04"
"80,09", "80,04"
"80,09", "80,04"
"80,09", "80,04"
"80,09", "80,04"
"80,08", "80,04"
"80,09", "80,05"
"80,08", "80,04"
"80,09", "80,05"
"80,08", "80,04"
"80,09", "80,05"
"80,08", "80,05"
"80,08", "80,04"
"80,09", "80,04"
"80,08", "80,04"
"80,09", "80,05"
"80,08", "80,04"
"80,09", "80,04"
"80,08", "80,05"
"80,08", "80,04"
"80,09", "80,05"
"80,08", "80,03"
"80,08", "80,04"
"80,08", "80,04"
"80,09", "80,05"
"80,08", "80,04"
"80,08", "80,04"
"80,08", "80,04"
"80,09", "80,04"
"80,08", "80,04"
"80,09", "80,05"
"80,08", "80,04"
"80,09", "80,05"
"80,08", "80,03"
"80,09", "80,05"
"80,08", "80,04"
"80,08", "80,04"
"80,09", "80,05"
"80,09", "80,04"
"80,08", "80,04"
"80,09", "80,04"
"80,08", "80,04"
"80,08", "80,05"
"80,08", "80,04"
"80,09", "80,04"
"80,08", "80,04"
"80,08", "80,04"
"80,09", "80,04"
"80,08", "80,04"
"80,08", "80,05"
"80,08", "80,05"
"80,09", "80,04"
"80,09", "80,05"
"80,08", "80,04"
"80,09", "80,04"
"80,08", "80,04"
"80,09", "80,05"
"80,09", "80,05"
"80,08", "80,04"
"80,09", "80,05"
"80,08", "80,04"
"80,08", "80,05"
"80,08", "80,04"
"80,09", "80,05"
"80,09", "80,04"
"80,09", "80,04"
"80,09", "80,05"
"80,08", "80,04"
"80,09", "80,04"
"80,08", "80,04"
"80,09", "80,05"
"80,08", "80,04"
"80,09", "80,05"
"80,09", "80,04"
"80,08", "80,04"
"80,09", "80,04"
"80,08", "80,04"
"80,09", "80,05"
"80,08", "80,04"
"80,09", "80,04"
"80,09", "80,04"
"80,08", "80,04"
"80,09", "80,04"
"80,09", "80,04"
"80,09", "80,04"
"80,09", "80,05"
"80,08", "80,04"
"80,09", "80,05"
"80,09", "80,05"
"80,09", "80,05"
"80,09", "80,04"
"80,09", "80,05"
"80,09", "80,04"
"80,09", "80,05"
"80,08", "80,04"
"80,09", "80,05"
"80,08", "80,05"
"80,09", "80,04"
"80,09", "80,04"
"80,09", "80,04"
"80,09", "80,04"
"80,09", "80,04"
"80,08", "80,04"
"80,09", "80,04"
"80,08", "80,04"
"80,09", "80,04"
"80,08", "80,04"
"80,09", "80,04"
"80,08", "80,04"
"80,09", "80,04"
"80,09", "80,04"
"80,08", "80,04"
"80,08", "80,04"
"80,09", "80,04"
"80,09", "80,05"
"80,09", "80,05"
"80,08", "80,04"
"80,09", "80,04"
"80,09", "80,05"
"80,09", "80,05"
"80,09", "80,04"
"80,09", "80,04"
"80,09", "80,04"
"80,09", "80,04"
"80,08", "80,04"
"80,08", "80,03"
"80,09", "80,04"
"80,09", "80,04"
"80,08", "80,05"
"80,08", "80,04"
"80,09", "80,04"
"80,09", "80,04"
"80,09", "80,05"
"80,09", "80,05"
"80,08", "80,04"
"80,08", "80,04"
"80,09", "80,04"
"80,08", "80,03"
"80,09", "80,04"
"80,08", "80,04"
"80,08", "80,04"
"80,09", "80,04"
"80,08", "80,04"
"80,08", "80,04"
"80,09", "80,05"
"80,08", "80,03"
"80,08", "80,05"
"80,08", "80,04"
"80,08", "80,05"
"80,08", "80,03"
"80,08", "80,04"
"80,08", "80,03"
"80,09", "80,04"
"80,08", "80,03"
"80,09", "80,04"
"80,08", "80,04"
"80,08", "80,04"
"80,08", "80,04"
"80,09", "80,04"
"80,08", "80,04"
"80,09", "80,04"
"80,09", "80,04"
"80,08", "80,04"
"80,08", "80,04"
"80,09", "80,05"
"80,09", "80,04"
"80,09", "80,04"
"80,09", "80,05"
"80,09", "80,04"
"80,08", "80,04"
"80,08", "80,04"
"80,08", "80,04"
"80,09", "80,05"
"80,09", "80,05"
"80,08", "80,05"
"80,08", "80,04"
"80,09", "80,04"
"80,09", "80,04"
"80,09", "80,04"
"80,08", "80,04"
"80,09", "80,04"
"80,09", "80,04"
"80,09", "80,04"
"80,09", "80,04"
"80,08", "80,04"
"80,09", "80,05"
"80,09", "80,04"
"80,09", "80,04"
"80,09", "80,05"
"80,09", "80,04"
"80,08", "80,04"
"80,09", "80,04"
"80,08", "80,03"
"80,08", "80,04"
"80,08", "80,04"
"80,08", "80,05"
"80,09", "80,04"
"80,08", "80,04"
"80,08", "80,04"
"80,09", "80,04"
"80,08", "80,04"
"80,09", "80,04"
"80,09", "80,04"
"80,09", "80,04"
"80,08", "80,05"
"80,09", "80,04"
"80,08", "80,04"
"80,09", "80,04"
"80,08", "80,04"
"80,09", "80,05"
"80,09", "80,04"
"80,08", "80,04"
"80,08", "80,04"
"80,09", "80,04"
"80,09", "80,04"
"80,09", "80,04"
"80,09", "80,04"
"80,08", "80,04"
"80,09", "80,04"
"80,08", "80,04"
"80,08", "80,04"
"80,08", "80,04"
"80,08", "80,04"
"80,09", "80,04"
"80,08", "80,04"
"80,08", "80,04"
"80,08", "80,04"
"80,08", "80,04"
"80,09", "80,04"
"80,08", "80,04"
"80,08", "80,04"
"80,08", "80,04"
"80,09", "80,05"
"80,09", "80,04"
"80,09", "80,04"
"80,09", "80,05"
"80,08", "80,04"
"80,09", "80,04"
"80,09", "80,04"
"80,08", "80,04"
"80,09", "80,04"
"80,09", "80,05"
"80,09", "80,04"
"80,09", "80,04"
"80,08", "80,04"
"80,08", "80,04"
"80,09", "80,05"
"80,09", "80,04"
"80,09", "80,04"
"80,09", "80,04"
"80,08", "80,04"
"80,09", "80,04"
"80,08", "80,04"
"80,09", "80,04"
"80,09", "80,04"
"80,09", "80,04"
"80,09", "80,04"
"80,09", "80,04"
"80,09", "80,04"
"80,09", "80,04"
"80,09", "80,04"
"80,08", "80,03"
"80,09", "80,03"
"80,09", "80,04"
"80,09", "80,04"
"80,09", "80,04"
"80,09", "80,04"
"80,08", "80,04"
"80,08", "80,04"
"80,08", "80,03"
"80,08", "80,05"
"80,09", "80,04"
"80,09", "80,05"
"80,09", "80,05"
"80,08", "80,05"
"80,09", "80,04"
"80,09", "80,05"
"80,08", "80,04"
"80,08", "80,04"
"80,09", "80,04"
"80,08", "80,04"
"80,09", "80,05"
"80,08", "80,04"
"80,08", "80,04"
"80,09", "80,05"
"80,08", "80,05"
"80,08", "80,04"
"80,09", "80,04"
"80,08", "80,05"
"80,09", "80,04"
"80,08", "80,04"
"80,09", "80,04"
"80,09", "80,04"
"80,09", "80,03"
"80,09", "80,04"
"80,08", "80,03"
"80,09", "80,04"
"80,08", "80,04"
"80,09", "80,04"
"80,09", "80,05"
"80,08", "80,04"
"80,09", "80,05"
"80,09", "80,04"
"80,09", "80,05"
"80,09", "80,05"
"80,09", "80,04"
"80,08", "80,04"
"80,08", "80,04"
"80,08", "80,04"
"80,08", "80,04"
"80,09", "80,04"
"80,08", "80,04"
"80,09", "80,04"
"80,08", "80,04"
"80,08", "80,04"
"80,09", "80,04"
"80,08", "80,05"
"80,08", "80,04"
"80,08", "80,04"
"80,09", "80,05"
"80,09", "80,05"
"80,08", "80,04"
"80,08", "80,04"
"80,09", "80,05"
"80,09", "80,05"
"80,08", "80,04"
"80,08", "80,03"
"80,09", "80,05"
"80,08", "80,04"
"80,09", "80,05"
"80,09", "80,04"
"80,09", "80,04"
"80,08", "80,04"
"80,09", "80,04"
"80,09", "80,04"
"80,08", "80,04"
"80,09", "80,04"
"80,08", "80,05"
"80,08", "80,04"
"80,08", "80,04"
"80,08", "80,04"
"80,08", "80,04"
"80,08", "80,04"
"80,09", "80,05"
"80,08", "80,04"
"80,08", "80,04"
"80,08", "80,05"
"80,08", "80,04"
"80,09", "80,04"
"80,08", "80,04"
"80,08", "80,04"
"80,09", "80,04"
"80,08", "80,04"
"80,08", "80,04"
"80,08", "80,04"
"80,09", "80,04"
"80,08", "80,03"
"80,09", "80,05"
"80,08", "80,04"
"80,08", "80,04"
"80,09", "80,05"
"80,08", "80,04"
"80,09", "80,04"
"80,08", "80,04"
"80,09", "80,05"
"80,09", "80,04"
"80,08", "80,04"
"80,08", "80,05"
"80,08", "80,04"
"80,09", "80,04"
"80,08", "80,05"
"80,08", "80,03"
"80,09", "80,05"
"80,08", "80,04"
"80,09", "80,05"
"80,09", "80,04"
"80,08", "80,05"
"80,09", "80,05"
"80,08", "80,04"
"80,08", "80,04"
"80,09", "80,05"
"80,09", "80,04"
"80,09", "80,04"
"80,09", "80,04"
"80,09", "80,04"
"80,09", "80,04"
"80,08", "80,04"
"80,09", "80,04"
"80,08", "80,04"
"80,09", "80,05"
"80,08", "80,04"
"80,09", "80,04"
"80,08", "80,04"
"80,09", "80,04"
"80,08", "80,04"
"80,08", "80,04"
"80,09", "80,05"
"80,08", "80,04"
"80,08", "80,04"
"80,08", "80,04"
"80,09", "80,04"
"80,08", "80,04"
"80,08", "80,04"
"80,08", "80,04"
"80,08", "80,05"
"80,09", "80,04"
"80,08", "80,04"
"80,08", "80,05"
"80,08", "80,04"
"80,08", "80,04"
"80,08", "80,04"
"80,09", "80,04"
"80,08", "80,04"
"80,08", "80,04"
"80,08", "80,04"
"80,09", "80,05"
"80,08", "80,03"
"80,09", "80,05"
"80,08", "80,04"
"80,08", "80,04"
"80,09", "80,04"
"80,08", "80,03"
"80,08", "80,04"
"80,08", "80,04"
"80,09", "80,05"
"80,08", "80,04"
"80,09", "80,05"
"80,09", "80,04"
"80,08", "80,04"
"80,09", "80,04"
"80,08", "80,05"
"80,08", "80,05"
"80,09", "80,04"
"80,09", "80,04"
"80,09", "80,04"
"80,09", "80,05"
"80,08", "80,04"
"80,08", "80,05"
"80,08", "80,04"
"80,08", "80,04"
"80,09", "80,04"
"80,09", "80,04"
"80,08", "80,04"
"80,08", "80,04"
"80,09", "80,05"
"80,08", "80,05"
"80,08", "80,04"
"80,09", "80,05"
"80,07", "80,04"
"80,09", "80,05"
"80,08", "80,03"
"80,08", "80,04"
"80,09", "80,04"
"80,08", "80,04"
"80,08", "80,04"
"80,08", "80,05"
"80,09", "80,04"
"80,08", "80,05"
"80,08", "80,04"
"80,08", "80,04"
"80,08", "80,04"
"80,09", "80,05"
"80,09", "80,04"
"80,08", "80,04"
"80,08", "80,04"
"80,08", "80,04"
"80,08", "80,04"
"80,08", "80,04"
"80,09", "80,05"
"80,08", "80,04"
"80,09", "80,05"
"80,08", "80,04"
"80,08", "80,04"
"80,08", "80,04"
"80,08", "80,05"
"80,08", "80,03"
"80,08", "80,04"
"80,09", "80,04"
"80,08", "80,04"
"80,09", "80,05"
"80,08", "80,04"
"80,08", "80,05"
"80,08", "80,04"
"80,08", "80,04"
"80,08", "80,05"
"80,08", "80,04"
"80,08", "80,04"
"80,08", "80,04"
"80,09", "80,04"
"80,09", "80,04"
"80,08", "80,04"
"80,09", "80,05"
"80,09", "80,04"
"80,08", "80,04"
"80,08", "80,04"
"80,08", "80,04"
"80,08", "80,04"
"80,09", "80,05"
"80,09", "80,04"
"80,09", "80,05"
"80,08", "80,04"
"80,09", "80,05"
=======
>>>>>>> 168c30bc33dce568162c26fcd8258b2a15b24ae2
