,Timestamp,MON1 CL DDM (?A),MON1 CL RF (dB),MON1 DS DDM (?A),MON1 DS RF (dB),MON1 NF DDM (?A),MON1 NF RF (dB),MON1 CLR DDM (?A),MON1 CLR RF (dB),Anomaly,Anomaly_Score
0,2022-02-09 19:01:43,-0.87,3.13,-1.45,3.13,-12.73,3.11,-1.45,3.1,1,0.17099795491333636
1,2022-02-09 19:06:43,-0.87,3.12,-1.45,3.12,-13.02,3.11,-1.45,3.09,1,0.17099795491333636
2,2022-02-09 19:11:44,-0.87,3.12,-1.16,3.12,-12.73,3.11,-1.16,3.09,1,0.16910831427412987
3,2022-02-09 19:16:45,-0.87,3.12,-1.16,3.12,-12.73,3.1,-1.16,3.09,1,0.16910831427412987
4,2022-02-09 19:21:45,-0.87,3.12,-1.16,3.12,-12.73,3.1,-1.16,3.09,1,0.16910831427412987
5,2022-02-09 19:26:46,-0.87,3.12,-1.16,3.11,-12.73,3.1,-0.87,3.09,1,0.16910831427412987
6,2022-02-09 19:31:47,-0.58,3.11,-1.16,3.11,-13.02,3.1,-0.87,3.09,1,0.16910831427412987
7,2022-02-09 19:36:46,-0.29,3.11,-1.45,3.11,-13.02,3.1,-1.16,3.09,1,0.16910831427412987
8,2022-02-09 19:41:47,-0.58,3.11,-1.45,3.11,-13.02,3.1,-1.16,3.09,1,0.16910831427412987
9,2022-02-09 19:46:48,-0.87,3.11,-1.16,3.11,-12.73,3.1,-1.16,3.09,1,0.16910831427412987
10,2022-02-09 19:51:48,-0.87,3.11,-1.45,3.11,-12.73,3.1,-1.16,3.09,1,0.16910831427412987
11,2022-02-09 19:56:48,-0.87,3.11,-1.45,3.11,-12.44,3.09,-0.87,3.09,1,0.16910831427412987
12,2022-02-09 20:01:48,-0.87,3.11,-1.45,3.11,-13.02,3.1,-0.87,3.09,1,0.16910831427412987
13,2022-02-09 20:06:49,-0.87,3.11,-1.45,3.11,-13.02,3.1,-0.87,3.09,1,0.16910831427412987
14,2022-02-09 20:11:49,-0.87,3.11,-1.16,3.11,-13.02,3.1,-1.16,3.08,1,0.16910831427412987
15,2022-02-09 20:16:50,-0.58,3.11,-1.45,3.11,-12.73,3.1,-1.16,3.09,1,0.16910831427412987
16,2022-02-09 20:21:50,-0.58,3.11,-1.45,3.11,-12.73,3.1,-1.16,3.09,1,0.16910831427412987
17,2022-02-09 20:26:51,-0.87,3.11,-1.45,3.11,-12.73,3.09,-1.16,3.09,1,0.16910831427412987
18,2022-02-09 20:31:51,-0.58,3.11,-1.45,3.11,-12.73,3.09,-1.16,3.09,1,0.16910831427412987
19,2022-02-09 20:36:51,-0.58,3.11,-1.16,3.11,-12.73,3.09,-1.16,3.09,1,0.16910831427412987
20,2022-02-09 20:41:52,-0.58,3.11,-1.45,3.11,-13.02,3.09,-1.16,3.09,1,0.16910831427412987
21,2022-02-09 20:46:52,-0.58,3.11,-1.45,3.11,-13.02,3.09,-1.16,3.09,1,0.16910831427412987
22,2022-02-09 20:51:53,-0.87,3.11,-1.45,3.11,-12.73,3.09,-1.16,3.08,1,0.16910831427412987
23,2022-02-09 20:56:53,-0.29,3.11,-1.45,3.11,-12.44,3.09,-0.87,3.09,1,0.16910831427412987
24,2022-02-09 21:01:53,-0.58,3.11,-1.45,3.11,-12.44,3.08,-1.16,3.09,1,0.16910831427412987
25,2022-02-09 21:06:54,-0.29,3.11,-1.45,3.11,-12.44,3.08,-1.45,3.1,1,0.17099795491333636
26,2022-02-09 21:11:54,-0.87,3.11,-1.45,3.11,-12.73,3.09,-0.87,3.08,1,0.16910831427412987
27,2022-02-09 21:16:55,-0.58,3.11,-1.45,3.11,-12.44,3.09,-1.45,3.09,1,0.17099795491333636
28,2022-02-09 21:21:55,-0.58,3.11,-1.45,3.11,-12.73,3.09,-1.45,3.09,1,0.17099795491333636
29,2022-02-09 21:26:55,-0.87,3.11,-1.45,3.11,-12.73,3.09,-1.16,3.09,1,0.16910831427412987
30,2022-02-09 21:31:55,-0.87,3.11,-1.45,3.11,-12.44,3.09,-1.16,3.08,1,0.16910831427412987
31,2022-02-09 21:36:56,0.0,3.11,-1.16,3.11,-12.73,3.09,-1.16,3.1,1,0.16910831427412987
32,2022-02-09 21:41:56,0.0,3.11,-1.74,3.11,-12.44,3.09,-1.45,3.1,1,0.17099795491333636
33,2022-02-09 21:46:57,-0.29,3.11,-1.45,3.11,-12.73,3.09,-1.45,3.09,1,0.17099795491333636
34,2022-02-09 21:51:57,-0.58,3.11,-1.45,3.11,-12.73,3.09,-1.16,3.09,1,0.16910831427412987
35,2022-02-09 21:56:58,-0.58,3.11,-1.45,3.11,-12.73,3.09,-1.45,3.09,1,0.17099795491333636
36,2022-02-09 22:01:58,-0.58,3.12,-1.45,3.11,-13.02,3.09,-1.16,3.09,1,0.16910831427412987
37,2022-02-09 22:06:59,-0.58,3.11,-1.45,3.11,-12.73,3.09,-1.16,3.08,1,0.16910831427412987
38,2022-02-09 22:11:59,-0.87,3.11,-1.45,3.11,-13.02,3.09,-1.16,3.08,1,0.16910831427412987
39,2022-02-09 22:17:00,-0.87,3.12,-1.45,3.12,-13.02,3.09,-1.16,3.08,1,0.16910831427412987
40,2022-02-09 22:22:01,-0.87,3.12,-1.45,3.11,-13.02,3.09,-0.87,3.09,1,0.16910831427412987
41,2022-02-09 22:27:01,-0.87,3.12,-1.16,3.11,-13.3,3.09,-1.16,3.08,1,0.16910831427412987
42,2022-02-09 22:32:01,0.0,3.11,-1.45,3.11,-13.02,3.09,-1.16,3.1,1,0.16910831427412987
43,2022-02-09 22:37:01,0.0,3.11,-1.45,3.11,-13.02,3.1,-1.16,3.1,1,0.16910831427412987
44,2022-02-09 22:42:01,0.0,3.11,-1.45,3.11,-13.59,3.11,-1.16,3.1,1,0.16910831427412987
45,2022-02-09 22:47:02,0.0,3.11,-1.45,3.11,-14.17,3.13,-1.16,3.1,1,0.17381419841530532
46,2022-02-09 22:52:02,0.0,3.11,-1.45,3.11,-14.46,3.14,-1.16,3.1,1,0.17571659205097445
47,2022-02-09 22:57:03,0.0,3.12,-1.45,3.11,-14.46,3.14,-1.16,3.1,1,0.17571659205097445
48,2022-02-09 23:02:04,0.0,3.11,-1.45,3.11,-14.46,3.15,-1.16,3.1,1,0.17571659205097445
49,2022-02-09 23:07:04,0.0,3.11,-1.45,3.11,-14.46,3.15,-1.16,3.1,1,0.17571659205097445
50,2022-02-09 23:12:05,0.0,3.11,-1.45,3.11,-14.75,3.15,-1.16,3.1,1,0.17571659205097445
51,2022-02-09 23:17:05,-0.87,3.12,-1.45,3.12,-14.46,3.15,0.87,3.08,1,0.16134896660453446
52,2022-02-09 23:22:06,0.0,3.12,-1.45,3.11,-14.46,3.16,-1.16,3.1,1,0.17571659205097445
53,2022-02-09 23:27:06,0.0,3.12,-1.45,3.11,-15.04,3.16,-1.45,3.1,1,0.1776241411937871
54,2022-02-09 23:32:07,0.0,3.12,-1.16,3.11,-14.75,3.17,-1.16,3.1,1,0.17571659205097445
55,2022-02-09 23:37:07,0.0,3.12,-1.16,3.11,-14.75,3.17,-1.45,3.1,1,0.1776241411937871
56,2022-02-09 23:42:08,0.0,3.12,-1.45,3.11,-14.75,3.17,-1.16,3.1,1,0.17571659205097445
57,2022-02-09 23:47:09,0.0,3.12,-1.16,3.11,-14.46,3.17,-1.16,3.1,1,0.17571659205097445
58,2022-02-09 23:52:09,0.29,3.12,-1.45,3.11,-14.75,3.17,-1.45,3.1,1,0.1758153679871941
59,2022-02-09 23:57:10,0.29,3.12,-1.16,3.11,-14.17,3.16,-1.16,3.1,1,0.17201518909002966
60,2022-02-10 00:02:10,0.29,3.12,-1.16,3.11,-14.17,3.16,-1.16,3.1,1,0.17201518909002966
61,2022-02-10 00:07:10,0.0,3.12,-1.16,3.12,-13.88,3.16,-1.74,3.1,1,0.17571659205097445
62,2022-02-10 00:12:11,0.0,3.12,-1.45,3.11,-14.17,3.16,-1.16,3.1,1,0.17381419841530532
63,2022-02-10 00:17:11,0.0,3.12,-1.45,3.12,-14.46,3.17,-1.16,3.1,1,0.17571659205097445
64,2022-02-10 00:22:11,0.0,3.12,-1.16,3.12,-14.46,3.17,-1.16,3.1,1,0.17571659205097445
65,2022-02-10 00:27:12,0.29,3.12,-1.45,3.11,-14.46,3.17,-1.16,3.1,1,0.1739127073911445
66,2022-02-10 00:32:12,0.0,3.12,-1.16,3.12,-14.46,3.17,-1.16,3.1,1,0.17571659205097445
67,2022-02-10 00:37:12,0.0,3.12,-1.16,3.12,-14.17,3.17,-1.16,3.1,1,0.17381419841530532
68,2022-02-10 00:42:13,0.0,3.12,-1.74,3.12,-14.75,3.17,-1.16,3.1,1,0.17571659205097445
69,2022-02-10 00:47:13,0.0,3.12,-1.45,3.12,-14.46,3.17,-1.16,3.1,1,0.17571659205097445
70,2022-02-10 00:52:14,0.29,3.12,-1.45,3.12,-14.46,3.17,-1.16,3.1,1,0.1739127073911445
71,2022-02-10 00:57:14,0.0,3.12,-1.45,3.12,-14.46,3.17,-1.16,3.1,1,0.17571659205097445
72,2022-02-10 01:02:14,0.0,3.12,-1.45,3.12,-14.46,3.17,-0.87,3.1,1,0.17571659205097445
73,2022-02-10 01:07:15,0.0,3.12,-1.16,3.12,-14.17,3.17,-1.16,3.1,1,0.17381419841530532
74,2022-02-10 01:12:15,0.0,3.12,-1.16,3.12,-14.46,3.17,-1.16,3.11,1,0.17571659205097445
75,2022-02-10 01:17:16,0.29,3.12,-1.45,3.12,-14.46,3.17,-1.16,3.11,1,0.1739127073911445
76,2022-02-10 01:22:16,0.29,3.12,-1.45,3.12,-14.75,3.17,-1.45,3.11,1,0.1758153679871941
77,2022-02-10 01:27:17,0.0,3.12,-1.45,3.12,-14.75,3.17,-1.45,3.11,1,0.1776241411937871
78,2022-02-10 01:32:18,0.0,3.12,-1.16,3.12,-14.46,3.17,-1.45,3.11,1,0.1776241411937871
79,2022-02-10 01:37:18,0.0,3.12,-1.16,3.12,-14.46,3.17,-1.16,3.11,1,0.17571659205097445
80,2022-02-10 01:42:19,0.0,3.12,-1.16,3.12,-14.46,3.17,-0.87,3.1,1,0.17571659205097445
81,2022-02-10 01:47:19,0.0,3.12,-1.16,3.12,-14.46,3.17,-0.87,3.1,1,0.17571659205097445
82,2022-02-10 01:52:20,0.0,3.12,-1.16,3.12,-14.75,3.17,-0.87,3.1,1,0.17571659205097445
83,2022-02-10 01:57:20,0.0,3.12,-1.45,3.12,-14.75,3.17,-1.45,3.11,1,0.1776241411937871
84,2022-02-10 02:02:21,0.29,3.12,-1.16,3.12,-14.75,3.17,-1.45,3.11,1,0.1758153679871941
85,2022-02-10 02:07:21,0.29,3.12,-1.45,3.12,-14.75,3.17,-1.45,3.11,1,0.1758153679871941
86,2022-02-10 02:12:22,0.29,3.12,-1.45,3.12,-14.75,3.17,-1.45,3.11,1,0.1758153679871941
87,2022-02-10 02:17:23,0.29,3.12,-1.45,3.12,-14.75,3.17,-1.45,3.11,1,0.1758153679871941
88,2022-02-10 02:22:23,0.29,3.12,-1.16,3.12,-14.75,3.17,-1.45,3.11,1,0.1758153679871941
89,2022-02-10 02:27:23,0.0,3.12,-1.16,3.12,-14.75,3.17,-1.45,3.11,1,0.1776241411937871
90,2022-02-10 02:32:24,0.29,3.12,-1.45,3.12,-14.75,3.17,-1.45,3.11,1,0.1758153679871941
91,2022-02-10 02:37:24,0.29,3.12,-1.45,3.12,-14.75,3.17,-1.45,3.11,1,0.1758153679871941
92,2022-02-10 02:42:25,0.0,3.12,-1.45,3.12,-14.75,3.17,-1.16,3.11,1,0.17571659205097445
93,2022-02-10 02:47:25,0.0,3.12,-1.45,3.12,-14.75,3.17,-1.16,3.11,1,0.17571659205097445
94,2022-02-10 02:52:25,0.0,3.12,-1.45,3.12,-15.04,3.18,-1.16,3.11,1,0.17571659205097445
95,2022-02-10 02:57:26,0.0,3.12,-1.16,3.12,-15.04,3.18,-1.16,3.11,1,0.17571659205097445
96,2022-02-10 03:02:26,0.0,3.12,-1.45,3.12,-15.04,3.18,-1.16,3.11,1,0.17571659205097445
97,2022-02-10 03:07:27,0.0,3.12,-1.16,3.12,-14.75,3.17,-1.16,3.11,1,0.17571659205097445
98,2022-02-10 03:12:27,0.0,3.12,-1.16,3.12,-14.75,3.17,-1.16,3.11,1,0.17571659205097445
99,2022-02-10 03:17:28,0.0,3.12,-1.45,3.12,-14.75,3.17,-1.16,3.11,1,0.17571659205097445
100,2022-02-10 03:22:28,0.0,3.12,-1.16,3.12,-14.75,3.18,-1.16,3.11,1,0.17571659205097445
101,2022-02-10 03:27:28,0.0,3.12,-1.45,3.12,-14.75,3.18,-1.16,3.11,1,0.17571659205097445
102,2022-02-10 03:32:28,0.0,3.12,-1.45,3.12,-14.75,3.17,-1.16,3.11,1,0.17571659205097445
103,2022-02-10 03:37:29,0.0,3.12,-1.16,3.12,-14.75,3.17,-1.16,3.11,1,0.17571659205097445
104,2022-02-10 03:42:29,0.0,3.12,-1.45,3.12,-15.04,3.18,-1.45,3.11,1,0.1776241411937871
105,2022-02-10 03:47:30,0.0,3.12,-1.45,3.12,-15.04,3.17,-1.16,3.11,1,0.17571659205097445
106,2022-02-10 03:52:30,0.0,3.12,-1.45,3.12,-14.75,3.17,-1.45,3.11,1,0.1776241411937871
107,2022-02-10 03:57:31,0.0,3.12,-1.16,3.12,-14.75,3.17,-1.16,3.11,1,0.17571659205097445
108,2022-02-10 04:02:31,0.0,3.12,-1.45,3.12,-14.46,3.17,-1.45,3.11,1,0.1776241411937871
109,2022-02-10 04:07:31,0.0,3.12,-1.45,3.12,-14.46,3.17,-1.45,3.11,1,0.1776241411937871
110,2022-02-10 04:12:31,0.0,3.12,-1.45,3.12,-14.75,3.17,-1.16,3.11,1,0.17571659205097445
111,2022-02-10 04:17:32,0.0,3.12,-1.45,3.12,-14.46,3.17,-1.45,3.11,1,0.1776241411937871
112,2022-02-10 04:22:33,0.0,3.12,-1.74,3.12,-14.46,3.17,-1.45,3.11,1,0.1776241411937871
113,2022-02-10 04:27:32,0.0,3.12,-1.45,3.12,-14.75,3.17,-1.45,3.11,1,0.1776241411937871
114,2022-02-10 04:32:32,0.0,3.12,-1.45,3.12,-14.46,3.17,-1.45,3.11,1,0.1776241411937871
115,2022-02-10 04:37:33,0.0,3.12,-1.45,3.12,-14.46,3.17,-1.45,3.11,1,0.1776241411937871
116,2022-02-10 04:42:33,0.0,3.12,-1.45,3.12,-14.46,3.17,-1.45,3.11,1,0.1776241411937871
117,2022-02-10 04:47:34,0.0,3.12,-1.45,3.12,-14.75,3.17,-1.45,3.11,1,0.1776241411937871
118,2022-02-10 04:52:35,0.0,3.12,-1.45,3.12,-14.46,3.17,-1.45,3.11,1,0.1776241411937871
119,2022-02-10 04:57:35,0.29,3.12,-1.45,3.12,-14.46,3.17,-1.45,3.11,1,0.1758153679871941
120,2022-02-10 05:02:35,0.0,3.12,-1.16,3.12,-14.46,3.17,-1.45,3.11,1,0.1776241411937871
121,2022-02-10 05:07:36,0.0,3.12,-1.16,3.12,-14.46,3.17,-1.45,3.11,1,0.1776241411937871
122,2022-02-10 05:12:36,0.0,3.12,-1.45,3.12,-14.46,3.17,-1.45,3.11,1,0.1776241411937871
123,2022-02-10 05:17:37,0.0,3.12,-1.16,3.12,-15.04,3.18,-1.45,3.11,1,0.1776241411937871
124,2022-02-10 05:22:37,0.29,3.12,-1.74,3.12,-14.75,3.17,-1.45,3.11,1,0.1758153679871941
125,2022-02-10 05:27:37,0.0,3.12,-1.45,3.12,-14.75,3.17,-1.45,3.11,1,0.1776241411937871
126,2022-02-10 05:32:38,0.0,3.12,-1.16,3.12,-14.75,3.17,-1.45,3.11,1,0.1776241411937871
127,2022-02-10 05:37:38,0.0,3.12,-1.45,3.12,-14.75,3.17,-1.45,3.11,1,0.1776241411937871
128,2022-02-10 05:42:39,0.0,3.12,-1.16,3.12,-14.75,3.17,-1.45,3.11,1,0.1776241411937871
129,2022-02-10 05:47:39,0.0,3.12,-1.45,3.12,-14.75,3.17,-1.45,3.11,1,0.1776241411937871
130,2022-02-10 05:52:39,0.0,3.12,-1.45,3.12,-14.75,3.17,-1.45,3.11,1,0.1776241411937871
131,2022-02-10 05:57:40,0.0,3.12,-1.16,3.12,-14.75,3.17,-1.45,3.11,1,0.1776241411937871
132,2022-02-10 06:02:40,0.0,3.12,-1.16,3.12,-14.75,3.17,-1.45,3.11,1,0.1776241411937871
133,2022-02-10 06:07:41,0.0,3.12,-1.45,3.12,-14.75,3.17,-1.45,3.11,1,0.1776241411937871
134,2022-02-10 06:12:41,0.29,3.12,-1.45,3.12,-14.75,3.17,-1.45,3.11,1,0.1758153679871941
135,2022-02-10 06:17:42,0.29,3.12,-1.45,3.12,-14.46,3.17,-1.45,3.11,1,0.1758153679871941
136,2022-02-10 06:22:42,0.29,3.12,-1.45,3.12,-14.75,3.17,-1.45,3.11,1,0.1758153679871941
137,2022-02-10 06:27:43,0.29,3.12,-1.45,3.12,-14.46,3.17,-1.45,3.11,1,0.1758153679871941
138,2022-02-10 06:32:43,0.29,3.12,-1.45,3.12,-14.46,3.17,-1.45,3.11,1,0.1758153679871941
139,2022-02-10 06:37:44,0.29,3.12,-1.45,3.12,-14.46,3.17,-1.45,3.11,1,0.1758153679871941
140,2022-02-10 06:42:44,0.29,3.12,-1.16,3.12,-14.46,3.17,-1.45,3.11,1,0.1758153679871941
141,2022-02-10 06:47:45,0.29,3.12,-1.45,3.12,-14.46,3.17,-1.45,3.11,1,0.1758153679871941
142,2022-02-10 06:52:46,0.29,3.12,-1.45,3.12,-14.46,3.17,-1.45,3.11,1,0.1758153679871941
143,2022-02-10 06:57:46,0.29,3.12,-1.45,3.12,-14.46,3.17,-1.45,3.11,1,0.1758153679871941
144,2022-02-10 07:02:47,0.0,3.12,-1.16,3.12,-14.46,3.17,-1.45,3.11,1,0.1776241411937871
145,2022-02-10 07:07:47,0.29,3.12,-1.45,3.12,-14.46,3.17,-1.45,3.11,1,0.1758153679871941
146,2022-02-10 07:12:47,0.0,3.12,-1.16,3.12,-14.46,3.17,-1.74,3.11,1,0.1776241411937871
147,2022-02-10 07:17:48,0.0,3.12,-1.16,3.12,-14.46,3.16,-1.45,3.11,1,0.1776241411937871
148,2022-02-10 07:22:48,0.29,3.12,-1.16,3.12,-14.17,3.16,-1.74,3.11,1,0.1739127073911445
149,2022-02-10 07:27:48,0.29,3.12,-1.45,3.12,-14.17,3.16,-1.45,3.11,1,0.1739127073911445
150,2022-02-10 07:32:49,0.29,3.12,-1.45,3.12,-14.17,3.16,-1.45,3.11,1,0.1739127073911445
151,2022-02-10 07:37:49,0.29,3.12,-1.45,3.12,-14.17,3.16,-1.45,3.11,1,0.1739127073911445
152,2022-02-10 07:42:49,0.0,3.12,-1.16,3.12,-14.75,3.16,-1.45,3.11,1,0.1776241411937871
153,2022-02-10 07:47:50,0.29,3.12,-1.45,3.12,-14.46,3.16,-1.45,3.11,1,0.1758153679871941
154,2022-02-10 07:52:50,0.29,3.12,-1.45,3.12,-14.17,3.16,-1.45,3.11,1,0.1739127073911445
155,2022-02-10 07:57:51,0.0,3.12,-1.45,3.12,-14.17,3.15,-1.45,3.11,1,0.17571659205097445
156,2022-02-10 08:02:51,0.0,3.12,-1.45,3.12,-13.88,3.15,-1.45,3.11,1,0.17571659205097445
157,2022-02-10 08:07:52,0.29,3.12,-1.74,3.12,-13.88,3.15,-1.45,3.11,1,0.1739127073911445
158,2022-02-10 08:12:53,0.0,3.12,-1.45,3.12,-13.88,3.15,-1.45,3.11,1,0.17571659205097445
159,2022-02-10 08:17:53,0.0,3.12,-1.45,3.12,-13.88,3.15,-1.45,3.11,1,0.17571659205097445
160,2022-02-10 08:22:54,0.29,3.12,-1.45,3.12,-13.59,3.14,-1.45,3.11,1,0.16920616287947754
161,2022-02-10 08:27:54,0.29,3.12,-1.45,3.12,-13.59,3.14,-1.45,3.11,1,0.16920616287947754
162,2022-02-10 08:32:55,0.29,3.12,-1.45,3.12,-13.59,3.14,-1.45,3.11,1,0.16920616287947754
163,2022-02-10 08:37:55,0.0,3.12,-1.45,3.12,-13.59,3.14,-1.45,3.11,1,0.17099795491333636
164,2022-02-10 08:42:56,0.29,3.12,-1.45,3.12,-13.59,3.14,-1.45,3.11,1,0.16920616287947754
165,2022-02-10 08:47:56,0.0,3.12,-1.45,3.12,-13.88,3.14,-1.74,3.11,1,0.17571659205097445
166,2022-02-10 08:52:57,0.29,3.12,-1.45,3.12,-13.3,3.14,-1.74,3.11,1,0.16920616287947754
167,2022-02-10 08:57:57,0.29,3.12,-1.45,3.12,-13.3,3.13,-1.74,3.11,1,0.16920616287947754
168,2022-02-10 09:02:57,0.0,3.12,-1.45,3.12,-13.02,3.13,-1.74,3.11,1,0.17099795491333636
169,2022-02-10 09:07:58,0.0,3.12,-1.45,3.12,-12.44,3.12,-1.74,3.11,1,0.17099795491333636
170,2022-02-10 09:12:58,0.0,3.12,-1.16,3.12,-12.15,3.12,-1.74,3.11,1,0.17099795491333636
171,2022-02-10 09:17:58,0.0,3.12,-1.16,3.12,-12.15,3.12,-1.74,3.11,1,0.17099795491333636
172,2022-02-10 09:22:59,0.29,3.12,-1.16,3.12,-11.86,3.11,-1.74,3.11,1,0.16920616287947754
173,2022-02-10 09:28:00,0.0,3.12,-1.45,3.12,-11.86,3.11,-1.74,3.11,1,0.17099795491333636
174,2022-02-10 09:33:00,0.0,3.12,-1.45,3.12,-11.57,3.11,-1.74,3.11,1,0.16760454140516834
175,2022-02-10 09:38:00,0.0,3.12,-1.16,3.12,-11.57,3.11,-1.74,3.11,1,0.16760454140516834
176,2022-02-10 09:43:01,0.0,3.12,-1.45,3.12,-11.57,3.1,-1.74,3.11,1,0.16760454140516834
177,2022-02-10 09:48:01,0.0,3.12,-1.16,3.12,-11.57,3.1,-1.74,3.11,1,0.16760454140516834
178,2022-02-10 09:53:01,0.29,3.12,-1.45,3.12,-11.57,3.1,-1.74,3.11,1,0.16582144579765545
179,2022-02-10 09:58:02,0.29,3.12,-1.45,3.12,-11.57,3.1,-2.02,3.11,1,0.16582144579765545
180,2022-02-10 10:03:03,-0.29,3.12,-1.16,3.12,-11.57,3.1,-1.74,3.1,1,0.16760454140516834
181,2022-02-10 10:08:03,-0.29,3.12,-1.45,3.12,-11.57,3.1,-1.45,3.11,1,0.16760454140516834
182,2022-02-10 10:13:03,-0.29,3.12,-1.45,3.12,-11.86,3.1,-1.45,3.11,1,0.17099795491333636
183,2022-02-10 10:18:03,-0.29,3.12,-1.45,3.12,-11.86,3.1,-1.45,3.11,1,0.17099795491333636
184,2022-02-10 10:23:03,-0.29,3.12,-1.45,3.12,-11.86,3.1,-1.74,3.1,1,0.17099795491333636
185,2022-02-10 10:28:04,-0.29,3.12,-1.45,3.12,-11.86,3.1,-1.45,3.11,1,0.17099795491333636
186,2022-02-10 10:33:04,0.0,3.12,-1.45,3.12,-11.86,3.1,-1.74,3.1,1,0.17099795491333636
187,2022-02-10 10:38:04,0.0,3.12,-1.74,3.12,-11.86,3.1,-2.02,3.11,1,0.17099795491333636
188,2022-02-10 10:43:05,0.0,3.12,-1.45,3.12,-11.86,3.1,-1.74,3.11,1,0.17099795491333636
189,2022-02-10 10:48:05,-0.29,3.12,-1.45,3.12,-11.86,3.1,-1.45,3.1,1,0.17099795491333636
190,2022-02-10 10:53:05,-0.29,3.12,-1.45,3.12,-11.86,3.11,-1.45,3.1,1,0.17099795491333636
191,2022-02-10 10:58:06,0.0,3.12,-1.16,3.12,-11.86,3.11,-1.74,3.1,1,0.17099795491333636
192,2022-02-10 11:03:06,0.0,3.12,-1.45,3.12,-12.15,3.11,-1.45,3.1,1,0.17099795491333636
193,2022-02-10 11:08:07,0.0,3.12,-1.45,3.12,-11.86,3.11,-1.45,3.1,1,0.17099795491333636
194,2022-02-10 11:13:07,0.0,3.12,-1.45,3.12,-12.15,3.11,-1.45,3.1,1,0.17099795491333636
195,2022-02-10 11:18:08,0.0,3.12,-1.45,3.12,-12.15,3.11,-1.45,3.1,1,0.17099795491333636
196,2022-02-10 11:23:08,0.0,3.12,-1.45,3.12,-12.15,3.11,-1.45,3.1,1,0.17099795491333636
197,2022-02-10 11:28:08,0.0,3.12,-1.45,3.12,-12.15,3.11,-1.74,3.1,1,0.17099795491333636
198,2022-02-10 11:33:09,0.0,3.12,-1.45,3.12,-12.15,3.11,-1.74,3.1,1,0.17099795491333636
199,2022-02-10 11:38:09,0.0,3.12,-1.45,3.12,-12.15,3.11,-1.74,3.1,1,0.17099795491333636
200,2022-02-10 11:43:09,0.0,3.12,-1.45,3.12,-12.15,3.11,-1.74,3.1,1,0.17099795491333636
201,2022-02-10 11:48:10,0.0,3.12,-1.16,3.12,-11.86,3.11,-1.74,3.1,1,0.17099795491333636
202,2022-02-10 11:53:10,0.0,3.12,-1.45,3.12,-11.86,3.11,-1.74,3.1,1,0.17099795491333636
203,2022-02-10 11:58:10,0.0,3.12,-1.45,3.12,-11.86,3.11,-1.74,3.1,1,0.17099795491333636
204,2022-02-10 12:03:11,0.0,3.12,-1.45,3.12,-11.86,3.11,-1.45,3.1,1,0.17099795491333636
205,2022-02-10 12:08:11,0.0,3.12,-1.45,3.12,-11.57,3.11,-1.45,3.1,1,0.16760454140516834
206,2022-02-10 12:13:12,0.0,3.12,-1.45,3.12,-11.57,3.1,-1.74,3.1,1,0.16760454140516834
207,2022-02-10 12:18:12,0.0,3.12,-1.45,3.12,-11.57,3.1,-1.45,3.1,1,0.16760454140516834
208,2022-02-10 12:23:13,0.29,3.11,-1.45,3.11,-10.99,3.09,-2.02,3.1,1,0.16472965940560924
209,2022-02-10 12:28:13,0.0,3.11,-1.45,3.11,-11.86,3.12,-1.74,3.1,1,0.17099795491333636
210,2022-02-10 12:33:14,0.0,3.11,-1.45,3.11,-10.99,3.09,-1.45,3.1,1,0.16650994986287948
211,2022-02-10 12:38:14,0.0,3.11,-1.45,3.11,-10.7,3.09,-1.45,3.1,1,0.16463243889392842
212,2022-02-10 12:43:14,0.29,3.11,-1.45,3.11,-10.7,3.09,-1.74,3.1,1,0.1628569600034817
213,2022-02-10 12:48:15,0.29,3.11,-1.16,3.11,-10.99,3.09,-1.74,3.1,1,0.16472965940560924
214,2022-02-10 12:53:15,0.29,3.11,-1.16,3.11,-10.7,3.09,-1.74,3.1,1,0.1628569600034817
215,2022-02-10 12:58:15,0.58,3.11,-1.16,3.11,-10.99,3.09,-1.74,3.11,1,0.16472965940560924
216,2022-02-10 13:03:16,0.29,3.11,-1.45,3.11,-10.7,3.09,-1.45,3.11,1,0.1628569600034817
217,2022-02-10 13:08:16,0.0,3.11,-1.45,3.11,-12.15,3.13,-1.45,3.11,1,0.17099795491333636
218,2022-02-10 13:13:17,0.0,3.12,-1.45,3.12,-12.15,3.12,-1.74,3.11,1,0.17099795491333636
219,2022-02-10 13:18:17,0.0,3.12,-1.45,3.12,-12.15,3.12,-1.74,3.11,1,0.17099795491333636
220,2022-02-10 13:23:18,0.29,3.12,-1.45,3.12,-12.44,3.12,-1.74,3.11,1,0.16920616287947754
221,2022-02-10 13:28:18,0.29,3.12,-1.45,3.12,-12.44,3.12,-1.74,3.11,1,0.16920616287947754
222,2022-02-10 13:33:19,0.0,3.12,-1.45,3.12,-12.44,3.12,-1.74,3.11,1,0.17099795491333636
223,2022-02-10 13:38:19,0.0,3.12,-1.45,3.12,-12.15,3.12,-1.74,3.11,1,0.17099795491333636
224,2022-02-10 13:43:19,0.0,3.12,-1.45,3.12,-12.15,3.12,-1.74,3.1,1,0.17099795491333636
225,2022-02-10 13:48:19,0.0,3.12,-1.45,3.12,-12.15,3.12,-1.74,3.11,1,0.17099795491333636
226,2022-02-10 13:53:19,0.0,3.12,-1.45,3.12,-12.15,3.12,-1.74,3.11,1,0.17099795491333636
227,2022-02-10 13:58:20,0.0,3.12,-1.45,3.12,-12.15,3.12,-1.74,3.11,1,0.17099795491333636
228,2022-02-10 14:03:20,0.0,3.12,-2.02,3.12,-12.15,3.12,-2.02,3.11,1,0.17099795491333636
229,2022-02-10 14:08:20,0.0,3.12,-1.45,3.12,-12.15,3.12,-1.74,3.11,1,0.17099795491333636
230,2022-02-10 14:13:21,0.0,3.12,-1.45,3.12,-12.15,3.12,-1.74,3.11,1,0.17099795491333636
231,2022-02-10 14:18:21,0.0,3.12,-1.45,3.12,-12.15,3.12,-1.74,3.1,1,0.17099795491333636
232,2022-02-10 14:23:21,0.0,3.12,-1.45,3.12,-12.15,3.12,-1.74,3.11,1,0.17099795491333636
233,2022-02-10 14:28:22,0.0,3.12,-1.45,3.12,-12.15,3.12,-1.74,3.11,1,0.17099795491333636
234,2022-02-10 14:33:22,0.0,3.12,-1.45,3.12,-12.15,3.12,-1.74,3.11,1,0.17099795491333636
235,2022-02-10 14:38:22,0.0,3.12,-1.45,3.12,-12.15,3.12,-1.74,3.11,1,0.17099795491333636
236,2022-02-10 14:43:23,0.0,3.12,-1.45,3.12,-12.15,3.12,-1.74,3.11,1,0.17099795491333636
237,2022-02-10 14:48:24,0.0,3.12,-1.45,3.12,-11.86,3.12,-1.74,3.11,1,0.17099795491333636
238,2022-02-10 14:53:24,0.0,3.12,-1.45,3.12,-12.15,3.12,-1.74,3.11,1,0.17099795491333636
239,2022-02-10 14:58:24,-0.87,3.12,-1.45,3.12,-12.15,3.12,-1.45,3.09,1,0.17099795491333636
240,2022-02-10 15:03:25,0.0,3.12,-1.45,3.12,-11.86,3.12,-1.74,3.11,1,0.17099795491333636
241,2022-02-10 15:08:25,0.0,3.12,-1.45,3.12,-11.86,3.12,-1.74,3.11,1,0.17099795491333636
242,2022-02-10 15:13:26,-0.29,3.12,-1.45,3.12,-12.15,3.12,-1.74,3.1,1,0.17099795491333636
243,2022-02-10 15:18:26,0.0,3.12,-1.45,3.12,-12.15,3.12,-1.74,3.11,1,0.17099795491333636
244,2022-02-10 15:23:27,0.0,3.12,-1.74,3.12,-11.86,3.12,-1.74,3.11,1,0.17099795491333636
245,2022-02-10 15:28:28,0.0,3.12,-1.45,3.12,-12.15,3.12,-1.74,3.11,1,0.17099795491333636
246,2022-02-10 15:33:28,0.0,3.12,-1.45,3.12,-12.15,3.12,-1.74,3.11,1,0.17099795491333636
247,2022-02-10 15:38:29,-0.29,3.12,-1.45,3.12,-12.15,3.12,-1.74,3.1,1,0.17099795491333636
248,2022-02-10 15:43:30,0.0,3.12,-1.45,3.12,-12.15,3.13,-1.74,3.11,1,0.17099795491333636
249,2022-02-10 15:48:30,-0.29,3.12,-1.45,3.12,-12.15,3.13,-1.74,3.1,1,0.17099795491333636
250,2022-02-10 15:53:31,-0.29,3.12,-1.45,3.12,-12.15,3.13,-1.45,3.1,1,0.17099795491333636
251,2022-02-10 15:58:31,-0.29,3.12,-1.45,3.12,-12.15,3.13,-2.31,3.1,1,0.17099795491333636
252,2022-02-10 16:03:32,-0.29,3.12,-1.74,3.12,-12.44,3.13,-2.02,3.11,1,0.17099795491333636
253,2022-02-10 16:08:33,-0.29,3.12,-1.74,3.12,-12.44,3.13,-1.45,3.1,1,0.17099795491333636
254,2022-02-10 16:13:33,-0.29,3.12,-1.16,3.12,-12.44,3.13,-1.45,3.1,1,0.17099795491333636
255,2022-02-10 16:18:34,0.0,3.12,-1.45,3.12,-12.44,3.13,-1.74,3.11,1,0.17099795491333636
256,2022-02-10 16:23:34,-0.29,3.12,-1.45,3.12,-12.44,3.13,-1.45,3.1,1,0.17099795491333636
257,2022-02-10 16:28:35,-0.29,3.12,-1.45,3.12,-12.44,3.13,-1.45,3.1,1,0.17099795491333636
258,2022-02-10 16:33:35,-0.29,3.12,-1.45,3.12,-12.44,3.13,-1.74,3.1,1,0.17099795491333636
259,2022-02-10 16:38:36,-0.29,3.12,-1.45,3.12,-12.73,3.14,-1.74,3.1,1,0.17099795491333636
260,2022-02-10 16:43:36,-0.29,3.12,-1.45,3.12,-12.44,3.14,-1.74,3.11,1,0.17099795491333636
261,2022-02-10 16:48:36,-0.29,3.12,-1.45,3.12,-12.44,3.14,-1.74,3.11,1,0.17099795491333636
262,2022-02-10 16:53:37,0.0,3.12,-1.45,3.12,-12.73,3.14,-1.74,3.11,1,0.17099795491333636
263,2022-02-10 16:58:38,-0.29,3.12,-1.45,3.12,-12.73,3.14,-1.74,3.11,1,0.17099795491333636
264,2022-02-10 17:03:38,-0.29,3.12,-1.45,3.12,-12.44,3.13,-1.74,3.11,1,0.17099795491333636
265,2022-02-10 17:08:39,-0.29,3.12,-1.16,3.12,-12.44,3.13,-1.45,3.1,1,0.17099795491333636
266,2022-02-10 17:13:40,0.0,3.12,-1.16,3.12,-12.15,3.13,-1.45,3.11,1,0.17099795491333636
267,2022-02-10 17:18:40,0.0,3.12,-1.45,3.12,-12.15,3.13,-1.74,3.11,1,0.17099795491333636
268,2022-02-10 17:23:41,-0.58,3.12,-1.45,3.13,-12.15,3.13,-1.45,3.1,1,0.17099795491333636
269,2022-02-10 17:28:41,0.0,3.12,-1.45,3.12,-12.44,3.13,-1.74,3.11,1,0.17099795491333636
270,2022-02-10 17:33:41,-0.29,3.12,-1.74,3.13,-12.44,3.13,-1.45,3.1,1,0.17099795491333636
271,2022-02-10 17:38:42,0.0,3.12,-1.45,3.12,-12.44,3.13,-1.74,3.11,1,0.17099795491333636
272,2022-02-10 17:43:42,-0.58,3.12,-1.45,3.12,-12.44,3.13,-1.45,3.1,1,0.17099795491333636
273,2022-02-10 17:48:43,-0.58,3.12,-1.45,3.12,-12.44,3.13,-1.45,3.1,1,0.17099795491333636
274,2022-02-10 17:53:43,-0.58,3.12,-1.45,3.13,-12.15,3.13,-1.45,3.1,1,0.17099795491333636
275,2022-02-10 17:58:44,0.0,3.12,-1.74,3.12,-12.15,3.13,-1.74,3.11,1,0.17099795491333636
276,2022-02-10 18:03:44,0.0,3.12,-1.16,3.13,-12.15,3.13,-1.74,3.11,1,0.17099795491333636
277,2022-02-10 18:08:45,0.0,3.12,-1.45,3.13,-12.15,3.13,-1.45,3.11,1,0.17099795491333636
278,2022-02-10 18:13:45,0.0,3.12,-1.16,3.12,-12.15,3.13,-1.74,3.11,1,0.17099795491333636
279,2022-02-10 18:18:46,-0.58,3.12,-1.45,3.13,-12.15,3.13,-1.45,3.1,1,0.17099795491333636
280,2022-02-10 18:23:46,-0.58,3.13,-1.45,3.13,-12.15,3.13,-1.45,3.1,1,0.17099795491333636
281,2022-02-10 18:28:47,0.0,3.12,-1.74,3.12,-12.15,3.13,-1.74,3.11,1,0.17099795491333636
282,2022-02-10 18:33:47,-0.29,3.12,-1.45,3.13,-11.86,3.13,-1.74,3.1,1,0.17099795491333636
283,2022-02-10 18:38:48,0.0,3.12,-1.45,3.12,-11.86,3.13,-1.74,3.11,1,0.17099795491333636
284,2022-02-10 18:43:48,0.0,3.12,-1.45,3.12,-11.86,3.13,-1.45,3.11,1,0.17099795491333636
285,2022-02-10 18:48:48,0.0,3.12,-1.45,3.12,-11.86,3.13,-1.16,3.11,1,0.16910831427412987
286,2022-02-10 18:53:48,0.0,3.12,-1.45,3.12,-12.15,3.13,-2.31,3.11,1,0.17099795491333636
287,2022-02-10 18:58:49,-0.87,3.12,-1.45,3.13,-12.15,3.13,-1.45,3.1,1,0.17099795491333636
288,2022-02-10 19:03:49,-0.58,3.12,-1.45,3.13,-12.15,3.13,-1.45,3.1,1,0.17099795491333636
289,2022-02-10 19:08:50,0.0,3.12,-1.16,3.12,-11.86,3.13,-1.74,3.11,1,0.17099795491333636
290,2022-02-10 19:13:50,0.0,3.13,-1.45,3.13,-11.86,3.13,-1.74,3.11,1,0.17099795491333636
291,2022-02-10 19:18:51,-0.29,3.13,-1.45,3.13,-11.86,3.13,-1.45,3.11,1,0.17099795491333636
292,2022-02-10 19:23:51,-0.58,3.13,-1.74,3.13,-11.86,3.13,-1.45,3.1,1,0.17099795491333636
293,2022-02-10 19:28:51,0.0,3.13,-1.45,3.13,-11.86,3.13,-1.74,3.11,1,0.17099795491333636
294,2022-02-10 19:33:52,0.0,3.13,-1.45,3.13,-11.86,3.13,-1.74,3.11,1,0.17099795491333636
295,2022-02-10 19:38:52,0.0,3.13,-1.45,3.13,-12.15,3.13,-1.74,3.11,1,0.17099795491333636
296,2022-02-10 19:43:53,0.0,3.13,-1.45,3.13,-12.15,3.13,-1.74,3.11,1,0.17099795491333636
297,2022-02-10 19:48:53,0.0,3.13,-1.45,3.13,-12.73,3.14,-1.74,3.11,1,0.17099795491333636
298,2022-02-10 19:53:54,0.0,3.13,-1.45,3.13,-11.86,3.13,-1.74,3.11,1,0.17099795491333636
299,2022-02-10 19:58:54,0.0,3.13,-1.45,3.13,-11.86,3.13,-1.74,3.11,1,0.17099795491333636
300,2022-02-10 20:03:55,0.0,3.13,-1.45,3.13,-11.86,3.13,-1.74,3.11,1,0.17099795491333636
301,2022-02-10 20:08:55,0.0,3.13,-1.45,3.13,-11.86,3.13,-1.45,3.11,1,0.17099795491333636
302,2022-02-10 20:13:55,0.0,3.13,-1.45,3.13,-11.86,3.13,-1.45,3.11,1,0.17099795491333636
303,2022-02-10 20:18:56,0.0,3.13,-1.45,3.13,-11.86,3.13,-1.74,3.11,1,0.17099795491333636
304,2022-02-10 20:23:57,0.0,3.13,-1.45,3.13,-11.86,3.13,-1.45,3.11,1,0.17099795491333636
305,2022-02-10 20:28:57,0.0,3.13,-1.45,3.13,-12.15,3.14,-1.74,3.11,1,0.17099795491333636
306,2022-02-10 20:33:57,0.0,3.13,-1.45,3.13,-12.15,3.13,-1.74,3.11,1,0.17099795491333636
307,2022-02-10 20:38:58,0.0,3.13,-1.45,3.13,-12.15,3.13,-1.74,3.11,1,0.17099795491333636
308,2022-02-10 20:43:59,0.0,3.13,-1.45,3.13,-11.86,3.13,-1.74,3.11,1,0.17099795491333636
309,2022-02-10 20:48:59,0.0,3.13,-1.45,3.13,-11.86,3.13,-1.74,3.11,1,0.17099795491333636
310,2022-02-10 20:54:00,0.0,3.13,-1.45,3.13,-12.15,3.14,-1.74,3.12,1,0.17099795491333636
311,2022-02-10 20:59:00,-0.29,3.13,-1.45,3.13,-11.86,3.14,-1.74,3.11,1,0.17099795491333636
312,2022-02-10 21:04:01,0.0,3.13,-1.45,3.13,-12.15,3.14,-1.45,3.11,1,0.17099795491333636
313,2022-02-10 21:09:01,0.0,3.13,-1.45,3.13,-12.15,3.14,-1.74,3.12,1,0.17099795491333636
314,2022-02-10 21:14:01,0.0,3.13,-1.45,3.13,-12.15,3.14,-1.45,3.11,1,0.17099795491333636
315,2022-02-10 21:19:01,-0.58,3.13,-1.45,3.13,-12.15,3.14,-1.45,3.1,1,0.17099795491333636
316,2022-02-10 21:24:02,-0.87,3.13,-1.45,3.13,-12.15,3.14,-1.16,3.1,1,0.16910831427412987
317,2022-02-10 21:29:02,-0.58,3.13,-1.45,3.13,-12.15,3.14,-1.45,3.1,1,0.17099795491333636
318,2022-02-10 21:34:02,-0.58,3.13,-1.45,3.13,-12.15,3.14,-1.45,3.1,1,0.17099795491333636
319,2022-02-10 21:39:03,-0.58,3.13,-1.45,3.13,-12.15,3.14,-1.16,3.11,1,0.16910831427412987
320,2022-02-10 21:44:03,-0.58,3.13,-1.45,3.13,-12.15,3.14,-1.45,3.11,1,0.17099795491333636
321,2022-02-10 21:49:03,-0.29,3.13,-1.74,3.13,-12.44,3.15,-1.45,3.11,1,0.17099795491333636
322,2022-02-10 21:54:04,-0.29,3.13,-1.45,3.13,-12.15,3.14,-1.45,3.11,1,0.17099795491333636
323,2022-02-10 21:59:04,-0.29,3.13,-1.45,3.13,-12.15,3.14,-1.45,3.11,1,0.17099795491333636
324,2022-02-10 22:04:04,-0.29,3.13,-1.45,3.13,-12.15,3.14,-1.45,3.11,1,0.17099795491333636
325,2022-02-10 22:09:04,-0.29,3.13,-1.45,3.13,-12.15,3.14,-1.45,3.11,1,0.17099795491333636
326,2022-02-10 22:14:04,-0.58,3.13,-1.45,3.13,-12.15,3.14,-1.45,3.11,1,0.17099795491333636
327,2022-02-10 22:19:05,-0.58,3.13,-1.16,3.13,-12.15,3.14,-1.45,3.11,1,0.17099795491333636
328,2022-02-10 22:24:06,-0.58,3.13,-1.45,3.13,-12.15,3.14,-1.45,3.11,1,0.17099795491333636
329,2022-02-10 22:29:06,-0.58,3.13,-1.45,3.13,-12.15,3.14,-1.45,3.11,1,0.17099795491333636
330,2022-02-10 22:34:07,-0.58,3.13,-1.45,3.13,-12.15,3.14,-1.45,3.11,1,0.17099795491333636
331,2022-02-10 22:39:07,-0.58,3.13,-1.45,3.13,-12.15,3.14,-1.45,3.1,1,0.17099795491333636
332,2022-02-10 22:44:07,-0.58,3.13,-1.45,3.13,-12.15,3.14,-1.45,3.1,1,0.17099795491333636
333,2022-02-10 22:49:08,-0.58,3.13,-1.45,3.13,-12.15,3.14,-1.45,3.1,1,0.17099795491333636
334,2022-02-10 22:54:08,-0.58,3.13,-1.45,3.13,-12.44,3.14,-1.45,3.1,1,0.17099795491333636
335,2022-02-10 22:59:09,-0.58,3.13,-1.45,3.13,-12.15,3.14,-1.45,3.1,1,0.17099795491333636
336,2022-02-10 23:04:09,-0.29,3.13,-1.45,3.13,-12.15,3.14,-1.16,3.11,1,0.16910831427412987
337,2022-02-10 23:09:09,-0.29,3.13,-1.45,3.13,-12.15,3.14,-1.74,3.11,1,0.17099795491333636
338,2022-02-10 23:14:09,-0.29,3.13,-1.45,3.13,-12.44,3.14,-1.74,3.11,1,0.17099795491333636
339,2022-02-10 23:19:10,-0.58,3.13,-1.45,3.13,-12.44,3.14,-1.45,3.1,1,0.17099795491333636
340,2022-02-10 23:24:10,-0.58,3.13,-1.45,3.13,-12.15,3.15,-1.45,3.1,1,0.17099795491333636
341,2022-02-10 23:29:11,-0.29,3.13,-1.45,3.13,-12.15,3.15,-1.74,3.11,1,0.17099795491333636
342,2022-02-10 23:34:11,-0.29,3.13,-1.45,3.13,-12.44,3.15,-1.45,3.11,1,0.17099795491333636
343,2022-02-10 23:39:12,-0.29,3.13,-1.45,3.13,-12.44,3.15,-1.45,3.11,1,0.17099795491333636
344,2022-02-10 23:44:12,-0.87,3.13,-1.45,3.13,-12.15,3.15,-1.45,3.1,1,0.17099795491333636
345,2022-02-10 23:49:13,-0.58,3.13,-1.45,3.13,-12.15,3.15,-1.45,3.1,1,0.17099795491333636
346,2022-02-10 23:54:13,-0.58,3.13,-1.45,3.13,-12.15,3.15,-1.45,3.11,1,0.17099795491333636
347,2022-02-10 23:59:13,-0.29,3.13,-1.16,3.13,-12.15,3.15,-1.45,3.11,1,0.17099795491333636
348,2022-02-11 00:04:14,0.0,3.13,-1.45,3.13,-12.15,3.15,-1.74,3.12,1,0.17099795491333636
349,2022-02-11 00:09:14,0.0,3.13,-1.16,3.13,-12.15,3.15,-1.74,3.12,1,0.17099795491333636
350,2022-02-11 00:14:15,0.0,3.13,-1.45,3.13,-12.15,3.15,-1.74,3.12,1,0.17099795491333636
351,2022-02-11 00:19:15,0.0,3.13,-1.45,3.13,-12.15,3.15,-1.74,3.12,1,0.17099795491333636
352,2022-02-11 00:24:16,0.0,3.13,-1.45,3.13,-12.44,3.15,-1.74,3.12,1,0.17099795491333636
353,2022-02-11 00:29:16,0.0,3.13,-1.45,3.13,-12.44,3.15,-1.74,3.12,1,0.17099795491333636
354,2022-02-11 00:34:17,0.0,3.13,-1.45,3.13,-12.44,3.15,-1.74,3.12,1,0.17099795491333636
355,2022-02-11 00:39:17,-0.58,3.13,-1.45,3.13,-12.15,3.15,-1.45,3.11,1,0.17099795491333636
356,2022-02-11 00:44:17,-0.87,3.13,-1.45,3.13,-12.44,3.15,-1.45,3.1,1,0.17099795491333636
357,2022-02-11 00:49:18,-0.58,3.13,-1.74,3.13,-12.44,3.15,-1.16,3.1,1,0.16910831427412987
358,2022-02-11 00:54:18,-0.87,3.13,-1.45,3.13,-12.15,3.15,-1.45,3.1,1,0.17099795491333636
359,2022-02-11 00:59:19,-0.58,3.13,-1.45,3.13,-12.15,3.15,-1.45,3.1,1,0.17099795491333636
360,2022-02-11 01:04:20,0.0,3.13,-1.45,3.13,-12.44,3.15,-1.45,3.11,1,0.17099795491333636
361,2022-02-11 01:09:20,-0.58,3.13,-1.45,3.13,-12.15,3.15,-1.45,3.1,1,0.17099795491333636
362,2022-02-11 01:14:20,-0.29,3.13,-1.45,3.13,-12.15,3.15,-1.45,3.11,1,0.17099795491333636
363,2022-02-11 01:19:20,-0.58,3.13,-1.16,3.13,-12.15,3.15,-1.45,3.1,1,0.17099795491333636
364,2022-02-11 01:24:21,-0.29,3.13,-1.45,3.13,-12.15,3.15,-1.45,3.11,1,0.17099795491333636
365,2022-02-11 01:29:21,0.0,3.13,-1.45,3.13,-12.44,3.15,-1.45,3.11,1,0.17099795491333636
366,2022-02-11 01:34:22,0.0,3.13,-1.45,3.13,-12.15,3.15,-1.74,3.12,1,0.17099795491333636
367,2022-02-11 01:39:22,0.0,3.13,-1.45,3.13,-12.15,3.15,-1.74,3.12,1,0.17099795491333636
368,2022-02-11 01:44:23,0.0,3.13,-1.45,3.13,-12.44,3.15,-1.74,3.12,1,0.17099795491333636
369,2022-02-11 01:49:22,0.0,3.13,-1.16,3.13,-12.15,3.15,-1.74,3.12,1,0.17099795491333636
370,2022-02-11 01:54:23,0.0,3.13,-1.45,3.13,-12.15,3.15,-1.45,3.12,1,0.17099795491333636
371,2022-02-11 01:59:23,0.0,3.13,-1.45,3.13,-12.15,3.15,-1.74,3.12,1,0.17099795491333636
372,2022-02-11 02:04:24,0.0,3.13,-1.45,3.13,-12.15,3.15,-1.74,3.12,1,0.17099795491333636
373,2022-02-11 02:09:24,0.0,3.13,-1.45,3.13,-12.15,3.15,-1.74,3.12,1,0.17099795491333636
374,2022-02-11 02:14:24,0.0,3.13,-1.45,3.13,-12.15,3.15,-1.74,3.12,1,0.17099795491333636
375,2022-02-11 02:19:25,0.0,3.13,-1.45,3.13,-12.15,3.15,-1.45,3.12,1,0.17099795491333636
376,2022-02-11 02:24:25,-0.29,3.13,-1.45,3.13,-12.44,3.15,-1.45,3.11,1,0.17099795491333636
377,2022-02-11 02:29:26,0.0,3.13,-1.45,3.13,-12.44,3.15,-1.74,3.12,1,0.17099795491333636
378,2022-02-11 02:34:26,-0.58,3.13,-1.45,3.13,-12.44,3.15,-1.45,3.1,1,0.17099795491333636
379,2022-02-11 02:39:27,-0.29,3.13,-1.45,3.13,-12.44,3.15,-1.45,3.11,1,0.17099795491333636
380,2022-02-11 02:44:27,0.0,3.13,-1.45,3.13,-12.15,3.15,-1.45,3.12,1,0.17099795491333636
381,2022-02-11 02:49:27,0.0,3.13,-1.45,3.13,-12.15,3.15,-1.74,3.12,1,0.17099795491333636
382,2022-02-11 02:54:28,0.0,3.13,-1.45,3.13,-12.44,3.15,-1.74,3.12,1,0.17099795491333636
383,2022-02-11 02:59:28,0.0,3.13,-1.45,3.13,-12.44,3.15,-1.74,3.12,1,0.17099795491333636
384,2022-02-11 03:04:28,0.0,3.13,-1.45,3.13,-12.44,3.15,-1.74,3.12,1,0.17099795491333636
385,2022-02-11 03:09:29,0.0,3.13,-1.45,3.13,-12.44,3.15,-1.74,3.12,1,0.17099795491333636
386,2022-02-11 03:14:29,0.0,3.13,-1.45,3.13,-12.44,3.15,-1.74,3.12,1,0.17099795491333636
387,2022-02-11 03:19:30,0.0,3.13,-1.45,3.13,-12.44,3.15,-1.74,3.12,1,0.17099795491333636
388,2022-02-11 03:24:30,0.0,3.13,-1.45,3.13,-12.44,3.15,-1.74,3.12,1,0.17099795491333636
389,2022-02-11 03:29:31,0.0,3.13,-1.16,3.13,-12.15,3.15,-1.45,3.12,1,0.17099795491333636
390,2022-02-11 03:34:31,0.0,3.13,-1.45,3.13,-12.44,3.15,-1.45,3.12,1,0.17099795491333636
391,2022-02-11 03:39:32,0.0,3.13,-1.45,3.13,-12.44,3.15,-1.74,3.12,1,0.17099795491333636
392,2022-02-11 03:44:32,0.0,3.13,-1.45,3.13,-12.44,3.15,-1.74,3.12,1,0.17099795491333636
393,2022-02-11 03:49:33,0.0,3.13,-1.45,3.13,-12.44,3.15,-1.45,3.12,1,0.17099795491333636
394,2022-02-11 03:54:33,0.0,3.13,-1.45,3.13,-12.44,3.15,-1.74,3.12,1,0.17099795491333636
395,2022-02-11 03:59:34,0.0,3.13,-1.45,3.13,-12.44,3.15,-1.45,3.12,1,0.17099795491333636
396,2022-02-11 04:04:35,0.0,3.13,-1.45,3.13,-12.44,3.15,-1.45,3.12,1,0.17099795491333636
397,2022-02-11 04:09:35,0.0,3.13,-1.45,3.13,-12.44,3.16,-1.74,3.12,1,0.17099795491333636
398,2022-02-11 04:14:36,0.0,3.13,-1.45,3.13,-12.44,3.16,-1.74,3.12,1,0.17099795491333636
399,2022-02-11 04:19:36,0.0,3.13,-1.45,3.13,-12.73,3.16,-1.45,3.12,1,0.17099795491333636
400,2022-02-11 04:24:37,0.0,3.13,-1.45,3.13,-12.44,3.16,-1.74,3.12,1,0.17099795491333636
401,2022-02-11 04:29:37,0.0,3.13,-1.45,3.13,-12.15,3.15,-1.45,3.12,1,0.17099795491333636
402,2022-02-11 04:34:37,0.0,3.13,-1.45,3.13,-12.44,3.15,-1.74,3.12,1,0.17099795491333636
403,2022-02-11 04:39:38,0.0,3.13,-1.45,3.13,-12.44,3.15,-1.74,3.12,1,0.17099795491333636
404,2022-02-11 04:44:38,0.0,3.13,-1.45,3.13,-12.44,3.15,-1.74,3.12,1,0.17099795491333636
405,2022-02-11 04:49:39,0.0,3.13,-1.45,3.13,-12.44,3.15,-1.74,3.12,1,0.17099795491333636
406,2022-02-11 04:54:39,0.0,3.13,-1.45,3.13,-12.73,3.16,-1.74,3.12,1,0.17099795491333636
407,2022-02-11 04:59:39,0.0,3.13,-1.45,3.13,-12.73,3.16,-1.74,3.12,1,0.17099795491333636
408,2022-02-11 05:04:40,0.0,3.13,-1.45,3.13,-12.44,3.16,-1.74,3.12,1,0.17099795491333636
409,2022-02-11 05:09:40,0.0,3.13,-1.45,3.13,-12.44,3.15,-1.45,3.12,1,0.17099795491333636
410,2022-02-11 05:14:41,0.0,3.13,-1.45,3.13,-12.44,3.16,-1.74,3.12,1,0.17099795491333636
411,2022-02-11 05:19:41,0.0,3.13,-1.16,3.13,-12.73,3.16,-1.74,3.12,1,0.17099795491333636
412,2022-02-11 05:24:42,0.0,3.13,-1.45,3.13,-12.73,3.16,-1.74,3.12,1,0.17099795491333636
413,2022-02-11 05:29:43,0.0,3.13,-1.45,3.13,-12.44,3.16,-1.74,3.12,1,0.17099795491333636
414,2022-02-11 05:34:43,0.0,3.13,-1.45,3.13,-12.44,3.16,-1.74,3.12,1,0.17099795491333636
415,2022-02-11 05:39:43,0.0,3.13,-1.16,3.13,-12.73,3.16,-1.74,3.12,1,0.17099795491333636
416,2022-02-11 05:44:44,-0.29,3.13,-1.45,3.13,-12.44,3.16,-1.45,3.11,1,0.17099795491333636
417,2022-02-11 05:49:44,0.0,3.13,-1.45,3.13,-12.44,3.16,-1.74,3.12,1,0.17099795491333636
418,2022-02-11 05:54:44,0.0,3.13,-1.45,3.13,-12.44,3.16,-1.74,3.12,1,0.17099795491333636
419,2022-02-11 05:59:45,0.0,3.13,-1.45,3.13,-12.44,3.16,-1.74,3.12,1,0.17099795491333636
420,2022-02-11 06:04:45,0.0,3.13,-1.45,3.13,-12.44,3.15,-1.45,3.11,1,0.17099795491333636
421,2022-02-11 06:09:46,0.0,3.13,-1.45,3.13,-12.44,3.16,-1.74,3.12,1,0.17099795491333636
422,2022-02-11 06:14:47,0.0,3.13,-1.45,3.13,-12.44,3.16,-1.74,3.12,1,0.17099795491333636
423,2022-02-11 06:19:47,0.0,3.13,-1.45,3.13,-12.44,3.16,-1.74,3.12,1,0.17099795491333636
424,2022-02-11 06:24:47,0.0,3.13,-1.45,3.13,-12.44,3.16,-1.74,3.12,1,0.17099795491333636
425,2022-02-11 06:29:48,0.0,3.13,-1.45,3.13,-12.44,3.16,-1.45,3.12,1,0.17099795491333636
426,2022-02-11 06:34:48,0.0,3.13,-1.45,3.13,-12.73,3.16,-1.74,3.12,1,0.17099795491333636
427,2022-02-11 06:39:49,0.0,3.13,-1.45,3.13,-12.44,3.16,-1.74,3.12,1,0.17099795491333636
428,2022-02-11 06:44:49,0.0,3.13,-1.45,3.13,-12.44,3.16,-1.74,3.12,1,0.17099795491333636
429,2022-02-11 06:49:50,0.0,3.13,-1.45,3.13,-12.73,3.16,-1.45,3.12,1,0.17099795491333636
430,2022-02-11 06:54:50,-0.58,3.13,-1.45,3.13,-12.44,3.16,-1.45,3.11,1,0.17099795491333636
431,2022-02-11 06:59:50,-0.29,3.13,-1.45,3.13,-12.15,3.15,-1.45,3.11,1,0.17099795491333636
432,2022-02-11 07:04:50,-0.29,3.13,-1.45,3.13,-12.15,3.15,-1.74,3.11,1,0.17099795491333636
433,2022-02-11 07:09:51,-0.29,3.13,-1.45,3.13,-12.15,3.15,-1.45,3.11,1,0.17099795491333636
434,2022-02-11 07:14:51,-0.29,3.13,-1.45,3.13,-12.15,3.16,-1.45,3.11,1,0.17099795491333636
435,2022-02-11 07:19:52,-0.29,3.13,-1.45,3.13,-12.44,3.16,-1.45,3.12,1,0.17099795491333636
436,2022-02-11 07:24:52,-0.29,3.13,-1.45,3.13,-12.15,3.16,-1.45,3.11,1,0.17099795491333636
437,2022-02-11 07:29:53,-0.29,3.13,-1.45,3.13,-12.73,3.16,-1.45,3.11,1,0.17099795491333636
438,2022-02-11 07:34:54,-0.29,3.13,-1.16,3.13,-12.73,3.16,-1.45,3.11,1,0.17099795491333636
439,2022-02-11 07:39:54,0.0,3.13,-1.45,3.13,-12.73,3.16,-1.74,3.12,1,0.17099795491333636
440,2022-02-11 07:44:55,0.0,3.13,-1.16,3.13,-12.73,3.16,-1.45,3.12,1,0.17099795491333636
441,2022-02-11 07:49:55,0.0,3.13,-1.45,3.13,-12.73,3.16,-1.74,3.12,1,0.17099795491333636
442,2022-02-11 07:54:55,0.0,3.13,-1.16,3.13,-12.73,3.16,-1.74,3.12,1,0.17099795491333636
443,2022-02-11 07:59:56,0.0,3.13,-1.45,3.13,-12.73,3.16,-1.74,3.12,1,0.17099795491333636
444,2022-02-11 08:04:56,0.0,3.13,-1.45,3.13,-12.73,3.16,-1.74,3.12,1,0.17099795491333636
445,2022-02-11 08:09:57,0.0,3.13,-1.45,3.13,-12.73,3.16,-1.74,3.12,1,0.17099795491333636
446,2022-02-11 08:14:57,0.0,3.13,-1.45,3.13,-12.73,3.16,-1.74,3.12,1,0.17099795491333636
447,2022-02-11 08:19:58,0.0,3.13,-1.45,3.13,-12.73,3.16,-1.74,3.12,1,0.17099795491333636
448,2022-02-11 08:24:58,0.0,3.13,-1.45,3.13,-12.73,3.16,-1.45,3.12,1,0.17099795491333636
449,2022-02-11 08:29:59,0.29,3.13,-1.45,3.13,-12.73,3.16,-1.74,3.12,1,0.16920616287947754
450,2022-02-11 08:34:59,0.0,3.13,-1.45,3.13,-12.73,3.16,-1.45,3.12,1,0.17099795491333636
451,2022-02-11 08:40:00,0.0,3.13,-1.16,3.13,-12.73,3.16,-1.74,3.12,1,0.17099795491333636
452,2022-02-11 08:45:00,0.0,3.13,-1.45,3.13,-12.73,3.16,-1.74,3.12,1,0.17099795491333636
453,2022-02-11 08:50:00,0.0,3.13,-1.45,3.13,-12.73,3.16,-1.74,3.12,1,0.17099795491333636
454,2022-02-11 08:55:00,0.0,3.13,-1.45,3.13,-12.73,3.16,-1.74,3.12,1,0.17099795491333636
455,2022-02-11 09:00:01,0.0,3.13,-1.45,3.13,-12.73,3.16,-1.74,3.12,1,0.17099795491333636
456,2022-02-11 09:05:01,0.0,3.13,-1.45,3.13,-12.73,3.16,-1.74,3.12,1,0.17099795491333636
457,2022-02-11 09:10:01,0.0,3.13,-1.45,3.13,-13.02,3.16,-1.45,3.12,1,0.17099795491333636
458,2022-02-11 09:15:02,0.0,3.13,-1.74,3.13,-12.73,3.16,-1.74,3.12,1,0.17099795491333636
459,2022-02-11 09:20:02,0.0,3.13,-1.45,3.13,-12.73,3.16,-1.74,3.12,1,0.17099795491333636
460,2022-02-11 09:25:03,0.0,3.13,-1.45,3.13,-12.73,3.16,-1.45,3.12,1,0.17099795491333636
461,2022-02-11 09:30:03,0.0,3.13,-1.16,3.13,-12.73,3.16,-1.74,3.12,1,0.17099795491333636
462,2022-02-11 09:35:04,0.0,3.13,-1.45,3.13,-12.73,3.16,-1.74,3.12,1,0.17099795491333636
463,2022-02-11 09:40:04,0.0,3.13,-1.45,3.13,-12.73,3.16,-1.74,3.12,1,0.17099795491333636
464,2022-02-11 09:45:05,0.0,3.13,-1.45,3.13,-12.73,3.16,-1.74,3.12,1,0.17099795491333636
465,2022-02-11 09:50:05,0.0,3.13,-1.45,3.13,-12.73,3.16,-1.74,3.12,1,0.17099795491333636
466,2022-02-11 09:55:05,0.0,3.13,-1.45,3.13,-12.73,3.16,-1.45,3.11,1,0.17099795491333636
467,2022-02-11 10:00:06,0.0,3.13,-1.74,3.13,-13.02,3.16,-1.45,3.11,1,0.17099795491333636
468,2022-02-11 10:05:06,0.0,3.13,-1.45,3.13,-13.02,3.16,-1.45,3.12,1,0.17099795491333636
469,2022-02-11 10:10:06,0.0,3.13,-1.45,3.13,-13.02,3.16,-1.45,3.12,1,0.17099795491333636
470,2022-02-11 10:15:07,0.0,3.13,-1.74,3.13,-12.73,3.16,-1.74,3.12,1,0.17099795491333636
471,2022-02-11 10:20:07,0.0,3.13,-1.45,3.13,-12.73,3.16,-1.45,3.11,1,0.17099795491333636
472,2022-02-11 10:25:08,0.0,3.13,-1.45,3.13,-13.02,3.16,-1.45,3.11,1,0.17099795491333636
473,2022-02-11 10:30:07,0.0,0.01,-74.91,0.01,0.0,-0.0,-317.86,0.01,1,0.1820918422356691
474,2022-02-11 10:35:08,0.0,0.01,-74.91,0.01,0.0,-0.0,-317.86,0.01,1,0.1820918422356691
475,2022-02-11 10:40:08,0.0,0.01,-74.91,0.01,0.0,-0.0,-317.86,0.01,1,0.1820918422356691
476,2022-02-11 10:45:09,0.0,0.01,-74.91,0.01,0.0,-0.0,-317.86,0.01,1,0.1820918422356691
477,2022-02-11 10:50:09,0.0,0.01,-74.91,0.01,0.0,-0.0,-317.86,0.01,1,0.1820918422356691
478,2022-02-11 10:55:09,0.0,0.01,-74.91,0.01,0.0,-0.0,-317.86,0.01,1,0.1820918422356691
479,2022-02-11 11:00:10,0.0,0.01,-74.91,0.01,0.0,-0.0,-317.86,0.01,1,0.1820918422356691
480,2022-02-11 11:05:10,0.0,0.01,-74.91,0.01,0.0,-0.0,-317.86,0.01,1,0.1820918422356691
481,2022-02-11 11:10:10,0.0,0.01,-74.91,0.01,0.0,-0.0,-317.86,0.01,1,0.1820918422356691
482,2022-02-11 11:15:11,0.0,0.01,-74.91,0.01,0.0,-0.0,-317.86,0.01,1,0.1820918422356691
483,2022-02-11 11:20:11,0.0,0.01,-74.91,0.01,0.0,-0.0,-317.86,0.01,1,0.1820918422356691
484,2022-02-11 11:25:12,0.0,0.01,-74.91,0.01,0.0,-0.0,-317.86,0.01,1,0.1820918422356691
485,2022-02-11 11:30:12,0.0,0.01,-74.91,0.01,0.0,-0.0,-317.86,0.01,1,0.1820918422356691
486,2022-02-11 11:35:13,0.0,0.01,-74.91,0.01,0.0,-0.0,-317.86,0.01,1,0.1820918422356691
487,2022-02-11 11:40:13,0.0,0.01,-74.91,0.01,0.0,-0.0,-317.86,0.01,1,0.1820918422356691
488,2022-02-11 11:45:14,0.0,0.01,-74.91,0.01,0.0,-0.0,-317.86,0.01,1,0.1820918422356691
