'Timestamp', 'MON1 CL DDM (?A)', 'MON1 CL RF (dB)', 'MON1 DS DDM (?A)', 'MON1 DS RF (dB)', 'MON1 NF DDM (?A)', 'MON1 NF RF (dB)', 'MON1 CLR DDM (?A)', 'MON1 CLR RF (dB)','TEMP1', 'TEMP2', 'TRYKK', 'SIKT'
2022 01 28 14 11 19,2.02,0.32,0.87,0.29,-3.18,0.19,2.31,0.34,00,-02,1001,9999
2022 01 28 14 16 19,1.74,0.32,0.87,0.29,-2.89,0.19,2.31,0.34,00,-02,1001,9999
2022 01 28 14 21 20,1.74,0.32,0.87,0.29,-3.18,0.19,2.60,0.34,00,-04,1000,9999
2022 01 28 14 26 20,0.29,-39.90,-76.94,-39.90,0.00,-39.90,-322.78,-35.61,00,-04,1000,9999
2022 01 28 14 31 20,0.00,-39.90,-76.94,-39.90,0.00,-39.90,-322.49,-35.61,00,-04,1000,9999
2022 01 28 14 36 21,0.00,-41.53,-76.94,-39.90,0.00,-39.90,-322.78,-35.61,00,-04,1000,9999
2022 01 28 14 41 21,0.00,-41.53,-76.94,-39.90,0.00,-39.90,-322.78,-35.61,00,-04,1000,9999
2022 01 28 14 46 22,0.00,-39.90,-76.94,-39.90,0.00,-39.90,-322.78,-35.61,00,-04,1000,9999
2022 01 28 14 51 22,0.00,-39.90,-76.94,-39.90,0.00,-39.90,-322.78,-35.61,00,-03,1000,6000
2022 01 28 14 56 23,0.00,-41.53,-76.94,-39.90,0.00,-39.90,-322.78,-35.61,00,-03,1000,6000
2022 01 28 15 01 23,0.00,-39.90,-76.94,-39.90,0.00,-39.90,-322.78,-35.61,00,-03,1000,6000
2022 01 28 15 06 24,1.74,0.34,0.58,0.31,-3.18,0.20,2.60,0.36,00,-03,1000,6000
2022 01 28 15 11 24,1.74,0.35,0.58,0.32,-3.18,0.22,2.60,0.36,00,-03,1000,6000
2022 01 28 15 16 24,1.74,0.35,0.58,0.32,-3.18,0.21,2.60,0.36,00,-03,1000,6000
2022 01 28 15 21 24,1.74,0.34,0.58,0.32,-3.18,0.20,2.60,0.36,01,-04,0999,9999
2022 01 28 15 26 25,0.00,-41.53,-76.94,-39.90,0.00,-39.90,-322.78,-35.61,01,-04,0999,9999
2022 01 28 15 31 25,0.00,-39.90,-76.94,-39.90,0.00,-39.90,-322.78,-35.61,01,-04,0999,9999
2022 01 28 15 36 26,1.74,0.34,0.58,0.31,-2.89,0.20,2.31,0.36,01,-04,0999,9999
2022 01 28 15 41 26,1.74,0.34,0.58,0.32,-2.89,0.20,2.60,0.36,01,-04,0999,9999
2022 01 28 15 46 26,1.74,0.34,0.87,0.31,-2.89,0.19,2.31,0.36,01,-04,0999,9999
2022 01 28 15 51 27,1.74,0.34,0.87,0.31,-2.89,0.19,2.31,0.36,01,-04,0998,9999
2022 01 28 15 56 28,1.74,0.33,0.87,0.31,-2.89,0.19,2.31,0.36,01,-04,0998,9999
2022 01 28 16 01 28,1.74,0.33,0.87,0.31,-3.18,0.18,2.60,0.36,01,-04,0998,9999
2022 01 28 16 06 29,1.74,0.33,0.58,0.31,-2.89,0.17,2.31,0.36,01,-04,0998,9999
2022 01 28 16 11 29,1.74,0.33,0.58,0.31,-3.18,0.17,2.31,0.35,01,-04,0998,9999
2022 01 28 16 16 29,1.74,0.33,0.58,0.31,-2.89,0.17,2.31,0.35,01,-04,0998,9999
2022 01 28 16 21 29,1.74,0.33,0.87,0.31,-2.89,0.17,2.31,0.35,01,-04,0997,9999
2022 01 28 16 26 29,1.74,0.33,0.87,0.31,-2.89,0.17,2.31,0.35,01,-04,0997,9999
2022 01 28 16 31 29,1.74,0.33,0.87,0.31,-2.89,0.16,2.02,0.35,01,-04,0997,9999
2022 01 28 16 36 29,1.74,0.33,0.87,0.31,-2.89,0.16,2.02,0.35,01,-04,0997,9999
2022 01 28 16 41 29,1.74,0.33,0.87,0.31,-2.60,0.16,2.31,0.35,01,-04,0997,9999
2022 01 28 16 46 30,1.74,0.33,0.87,0.31,-2.89,0.16,2.31,0.35,01,-04,0997,9999
2022 01 28 16 51 30,0.29,-39.90,-76.94,-39.90,0.00,-39.90,-322.78,-35.61,-00,-04,0996,9999
2022 01 28 16 56 31,0.29,-39.90,-77.22,-39.90,0.00,-39.90,-322.78,-35.61,-00,-04,0996,9999
2022 01 28 17 01 31,1.74,0.32,0.58,0.30,-2.89,0.15,2.31,0.36,-00,-04,0996,9999
2022 01 28 17 06 32,1.74,0.34,0.87,0.31,-2.89,0.16,2.02,0.36,-00,-04,0996,9999
2022 01 28 17 11 32,1.74,0.34,0.58,0.32,-2.89,0.16,2.02,0.36,-00,-04,0996,9999
2022 01 28 17 16 32,1.74,0.34,0.58,0.31,-2.89,0.16,2.02,0.36,-00,-04,0996,9999
2022 01 28 17 21 32,1.74,0.34,0.87,0.31,-2.89,0.15,2.02,0.36,00,-04,0995,9999
2022 01 28 17 26 33,2.02,0.33,0.58,0.31,-3.18,0.16,2.02,0.36,00,-04,0995,9999
2022 01 28 17 31 33,2.02,0.33,0.58,0.31,-3.18,0.16,2.02,0.36,00,-04,0995,9999
2022 01 28 17 36 34,1.74,0.33,0.87,0.31,-2.89,0.16,2.31,0.35,00,-04,0995,9999
2022 01 28 17 41 33,2.02,0.33,0.87,0.31,-2.89,0.15,2.02,0.36,00,-04,0995,9999
2022 01 28 17 46 34,2.02,0.33,0.87,0.31,-2.89,0.15,2.02,0.36,00,-04,0995,9999
2022 01 28 17 51 34,1.74,0.33,0.87,0.31,-2.89,0.14,2.02,0.36,00,-05,0994,9999
2022 01 28 17 56 34,2.02,0.33,0.87,0.31,-3.18,0.15,2.02,0.36,00,-05,0994,9999
2022 01 28 18 01 35,2.02,0.33,0.87,0.31,-2.89,0.14,2.02,0.36,00,-05,0994,9999
2022 01 28 18 06 35,2.02,0.33,0.87,0.31,-2.89,0.16,2.31,0.36,00,-05,0994,9999
2022 01 28 18 11 35,2.60,0.34,0.87,0.32,-2.89,0.16,1.74,0.38,00,-05,0994,9999
2022 01 28 18 16 35,2.89,0.35,1.16,0.32,-2.89,0.13,2.89,0.39,00,-05,0994,9999
2022 01 28 18 21 36,2.89,0.35,1.16,0.33,-2.89,0.14,2.31,0.40,00,-05,0993,9999
2022 01 28 18 26 36,2.89,0.36,0.87,0.34,-2.89,0.14,1.16,0.41,00,-05,0993,9999
2022 01 28 18 31 36,2.60,0.36,0.87,0.34,-3.18,0.14,0.87,0.41,00,-05,0993,9999
2022 01 28 18 36 36,2.89,0.36,0.58,0.35,-3.47,0.15,0.29,0.42,00,-05,0993,9999
2022 01 28 18 41 37,2.60,0.36,0.58,0.35,-3.76,0.14,0.00,0.41,00,-05,0993,9999
2022 01 28 18 46 37,2.89,0.36,1.45,0.34,-3.18,0.13,2.89,0.38,00,-05,0993,9999
2022 01 28 18 51 38,2.89,0.36,0.87,0.34,-3.76,0.15,2.89,0.39,01,-04,0992,9999
2022 01 28 18 56 38,2.89,0.36,1.16,0.34,-3.47,0.14,2.89,0.38,01,-04,0992,9999
2022 01 28 19 01 38,2.60,0.36,1.16,0.34,-3.18,0.08,3.18,0.38,01,-04,0992,9999
2022 01 28 19 06 39,2.89,0.36,0.87,0.34,-4.05,0.08,2.02,0.38,01,-04,0992,9999
2022 01 28 19 11 39,2.60,0.36,1.16,0.34,-4.34,0.11,3.18,0.38,01,-04,0992,9999
2022 01 28 19 16 40,2.60,0.36,1.16,0.34,-4.05,0.11,3.18,0.38,01,-04,0992,9999
2022 01 28 19 21 40,2.60,0.35,1.45,0.32,-4.92,0.11,3.76,0.36,00,-04,0991,9999
2022 01 28 19 26 41,2.89,0.35,1.45,0.32,-5.21,0.14,3.76,0.36,00,-04,0991,9999
2022 01 28 19 31 40,3.18,0.31,2.02,0.27,-5.50,0.19,5.50,0.33,00,-04,0991,9999
2022 01 28 19 36 41,2.89,0.31,1.74,0.28,-4.63,0.17,5.50,0.33,00,-04,0991,9999
2022 01 28 19 41 42,3.18,0.31,1.74,0.27,-4.05,0.16,4.92,0.34,00,-04,0991,9999
2022 01 28 19 46 42,2.89,0.32,1.74,0.29,-4.05,0.16,4.34,0.35,00,-04,0991,9999
2022 01 28 19 51 43,3.18,0.32,1.45,0.28,-3.76,0.14,4.34,0.35,00,-04,0990,9999
2022 01 28 19 56 43,3.18,0.32,1.74,0.28,-3.76,0.14,4.34,0.35,00,-04,0990,9999
2022 01 28 20 01 43,2.89,0.32,1.74,0.28,-3.76,0.14,4.34,0.35,00,-04,0990,9999
2022 01 28 20 06 43,2.89,0.33,1.45,0.29,-4.34,0.17,4.63,0.35,00,-04,0990,9999
2022 01 28 20 11 44,3.18,0.31,2.02,0.27,-4.63,0.17,5.78,0.33,00,-04,0990,9999
2022 01 28 20 16 44,3.18,0.31,1.74,0.27,-5.21,0.17,5.21,0.33,00,-04,0990,9999
2022 01 28 20 21 45,3.47,0.31,1.74,0.28,-5.21,0.17,4.92,0.35,00,-03,0989,9999
2022 01 28 20 26 45,3.18,0.31,1.74,0.28,-5.78,0.19,4.92,0.33,00,-03,0989,9999
2022 01 28 20 31 45,3.18,0.32,1.74,0.28,-5.78,0.20,5.50,0.32,00,-03,0989,9999
2022 01 28 20 36 45,2.89,0.32,2.02,0.28,-5.78,0.21,5.78,0.33,00,-03,0989,9999
2022 01 28 20 41 45,3.18,0.32,2.02,0.28,-5.50,0.19,5.78,0.32,00,-03,0989,9999
2022 01 28 20 46 46,3.18,0.32,1.74,0.28,-5.78,0.20,5.78,0.32,00,-03,0989,9999
2022 01 28 20 51 46,3.18,0.32,1.74,0.28,-5.21,0.19,5.21,0.34,00,-03,0988,8000
2022 01 28 20 56 46,2.89,0.31,1.74,0.28,-5.21,0.19,5.21,0.33,00,-03,0988,8000
2022 01 28 21 01 46,3.18,0.31,1.74,0.27,-5.21,0.19,5.21,0.33,00,-03,0988,8000
2022 01 28 21 06 46,3.18,0.31,1.74,0.27,-4.92,0.17,4.34,0.34,00,-03,0988,8000
2022 01 28 21 11 47,3.18,0.32,1.45,0.29,-5.50,0.20,4.05,0.35,00,-03,0988,8000
2022 01 28 21 16 47,3.18,0.31,1.74,0.27,-5.78,0.20,4.92,0.33,00,-03,0988,8000
2022 01 28 21 21 47,2.89,0.32,1.45,0.29,-5.78,0.20,4.05,0.35,00,-03,0987,9000
2022 01 28 21 26 48,2.89,0.34,1.45,0.30,-6.07,0.20,3.76,0.35,00,-03,0987,9000
2022 01 28 21 31 48,3.18,0.32,1.74,0.28,-5.78,0.22,4.63,0.34,00,-03,0987,9000
2022 01 28 21 36 49,2.89,0.33,1.74,0.29,-6.36,0.24,4.92,0.34,00,-03,0987,9000
2022 01 28 21 41 49,2.89,0.33,1.74,0.29,-6.07,0.22,4.63,0.34,00,-03,0987,9000
2022 01 28 21 46 49,2.89,0.33,1.45,0.29,-5.78,0.22,5.50,0.32,00,-03,0987,9000
2022 01 28 21 51 49,2.89,0.32,1.74,0.29,-5.78,0.21,5.50,0.33,00,-03,0986,9999
2022 01 28 21 56 50,2.89,0.32,1.74,0.28,-5.50,0.20,5.78,0.32,00,-03,0986,9999
2022 01 28 22 01 50,2.89,0.32,1.74,0.28,-5.50,0.20,5.78,0.32,00,-03,0986,9999
2022 01 28 22 06 50,2.89,0.33,1.74,0.29,-5.78,0.21,5.21,0.34,00,-03,0986,9999
2022 01 28 22 11 50,2.89,0.32,2.02,0.29,-4.92,0.19,5.50,0.33,00,-03,0986,9999
2022 01 28 22 16 51,3.18,0.32,1.74,0.28,-4.34,0.16,5.78,0.33,00,-03,0986,9999
2022 01 28 22 21 51,3.47,0.31,1.74,0.27,-4.34,0.16,5.78,0.32,00,-03,0986,9999
2022 01 28 22 26 52,3.18,0.32,2.02,0.28,-4.05,0.14,5.78,0.33,00,-03,0986,9999
2022 01 28 22 31 51,3.47,0.31,1.74,0.28,-4.05,0.14,5.50,0.33,00,-03,0986,9999
2022 01 28 22 36 52,3.18,0.31,1.74,0.28,-3.76,0.14,5.78,0.33,00,-03,0986,9999
2022 01 28 22 41 52,3.18,0.31,1.74,0.28,-3.76,0.14,5.78,0.33,00,-03,0986,9999
2022 01 28 22 46 53,3.18,0.32,2.02,0.28,-4.34,0.14,5.50,0.33,00,-03,0986,9999
2022 01 28 22 51 53,2.89,0.33,2.02,0.29,-5.78,0.21,5.78,0.32,00,-02,0985,9999
2022 01 28 22 56 53,2.89,0.32,2.02,0.28,-5.78,0.20,5.50,0.32,00,-02,0985,9999
2022 01 28 23 01 53,3.18,0.32,1.74,0.28,-6.07,0.21,5.50,0.32,00,-02,0985,9999
2022 01 28 23 06 54,3.18,0.32,1.74,0.28,-6.36,0.22,4.92,0.32,00,-02,0985,9999
2022 01 28 23 11 55,2.89,0.32,1.74,0.28,-6.65,0.23,5.21,0.32,00,-02,0985,9999
2022 01 28 23 16 54,2.60,0.34,1.45,0.30,-6.36,0.22,4.34,0.33,00,-02,0985,9999
2022 01 28 23 21 55,3.18,0.34,1.45,0.30,-6.07,0.20,3.76,0.35,-00,-02,0984,8000
2022 01 28 23 26 55,2.60,0.34,1.45,0.31,-6.36,0.20,3.76,0.34,-00,-02,0984,8000
2022 01 28 23 31 56,2.89,0.33,1.45,0.29,-6.36,0.20,4.34,0.33,-00,-02,0984,8000
2022 01 28 23 36 56,2.60,0.34,1.45,0.31,-6.07,0.20,3.76,0.34,-00,-02,0984,8000
2022 01 28 23 41 56,2.89,0.33,1.45,0.30,-6.36,0.20,4.05,0.34,-00,-02,0984,8000
2022 01 28 23 46 56,2.60,0.34,1.45,0.31,-6.07,0.19,3.47,0.34,-00,-02,0984,8000
2022 01 28 23 51 57,3.18,0.31,1.74,0.28,-6.07,0.19,4.63,0.32,00,-02,0984,5000
2022 01 28 23 56 57,2.89,0.32,1.45,0.29,-6.07,0.18,3.76,0.34,00,-02,0984,5000
2022 01 29 00 01 58,3.18,0.31,1.74,0.28,-6.07,0.19,4.05,0.34,00,-02,0984,5000
2022 01 29 00 06 58,2.89,0.33,1.45,0.29,-6.07,0.19,4.05,0.33,00,-02,0984,5000
2022 01 29 00 11 59,3.47,0.31,1.74,0.27,-6.07,0.20,4.92,0.32,00,-02,0984,5000
2022 01 29 00 16 59,3.47,0.31,1.45,0.27,-5.78,0.20,4.63,0.32,00,-02,0984,5000
2022 01 29 00 22 00,2.89,0.32,1.74,0.28,-6.07,0.21,4.63,0.32,-00,-02,0983,2500
2022 01 29 00 27 00,2.89,0.32,1.74,0.28,-6.07,0.21,4.63,0.32,-00,-02,0983,2500
2022 01 29 00 32 01,2.89,0.31,1.74,0.28,-6.07,0.22,4.92,0.31,-00,-02,0983,2500
2022 01 29 00 37 01,2.89,0.31,1.74,0.28,-6.36,0.23,4.92,0.31,-00,-02,0983,2500
2022 01 29 00 42 02,2.89,0.31,1.45,0.28,-6.36,0.25,5.21,0.31,-00,-02,0983,2500
2022 01 29 00 47 03,2.89,0.31,1.74,0.27,-6.36,0.25,5.78,0.30,-00,-02,0983,2500
2022 01 29 00 52 03,2.89,0.31,1.74,0.27,-6.36,0.25,5.78,0.29,-00,-01,0983,3000
2022 01 29 00 57 03,3.18,0.31,1.74,0.26,-6.07,0.24,5.78,0.29,-00,-01,0983,3000
2022 01 29 01 02 04,2.89,0.30,1.74,0.26,-6.07,0.23,6.07,0.29,-00,-01,0983,3000
2022 01 29 01 07 03,3.18,0.29,2.02,0.25,-5.78,0.23,6.07,0.29,-00,-01,0983,3000
2022 01 29 01 12 04,3.18,0.29,2.02,0.25,-5.78,0.22,6.07,0.29,-00,-01,0983,3000
2022 01 29 01 17 04,3.18,0.29,2.02,0.25,-5.50,0.20,5.78,0.29,-00,-01,0983,3000
2022 01 29 01 22 05,3.47,0.29,2.02,0.25,-5.21,0.19,5.78,0.29,-00,-01,0983,4000
2022 01 29 01 27 05,3.47,0.29,1.74,0.25,-4.92,0.19,5.78,0.29,-00,-01,0983,4000
2022 01 29 01 32 06,3.47,0.29,2.02,0.25,-4.92,0.19,6.07,0.29,-00,-01,0983,4000
2022 01 29 01 37 06,3.47,0.29,2.02,0.25,-4.92,0.19,6.07,0.29,-00,-01,0983,4000
2022 01 29 01 42 07,3.47,0.28,2.31,0.24,-4.92,0.19,6.36,0.28,-00,-01,0983,4000
2022 01 29 01 47 07,3.47,0.28,2.02,0.24,-4.63,0.18,6.36,0.28,-00,-01,0983,4000
2022 01 29 01 52 07,3.47,0.28,2.02,0.23,-4.63,0.17,6.36,0.28,00,-00,0982,1500
2022 01 29 01 57 07,3.76,0.28,2.02,0.23,-4.34,0.17,6.65,0.28,00,-00,0982,1500
2022 01 29 02 02 08,3.76,0.27,2.02,0.23,-4.05,0.16,6.65,0.28,00,-00,0982,1500
2022 01 29 02 07 08,3.47,0.27,2.02,0.23,-4.05,0.17,6.36,0.28,00,-00,0982,1500
2022 01 29 02 12 09,3.47,0.27,2.02,0.23,-4.05,0.16,6.65,0.28,00,-00,0982,1500
2022 01 29 02 17 09,3.76,0.24,2.60,0.19,-4.05,0.17,7.52,0.26,00,-00,0982,1500
2022 01 29 02 22 10,3.76,0.25,2.60,0.19,-4.05,0.17,7.52,0.26,00,-00,0982,2500
2022 01 29 02 27 10,3.76,0.25,2.31,0.20,-4.34,0.19,7.52,0.26,00,-00,0982,2500
2022 01 29 02 32 10,3.76,0.25,2.60,0.20,-4.34,0.20,7.23,0.26,00,-00,0982,2500
2022 01 29 02 37 11,3.47,0.25,2.31,0.20,-4.63,0.21,7.23,0.26,00,-00,0982,2500
2022 01 29 02 42 11,3.47,0.26,2.31,0.21,-4.63,0.22,6.94,0.26,00,-00,0982,2500
2022 01 29 02 47 11,3.18,0.27,2.02,0.22,-4.92,0.23,6.65,0.27,00,-00,0982,2500
2022 01 29 02 52 11,3.18,0.27,2.02,0.23,-5.21,0.23,6.65,0.27,00,-00,0982,1200
2022 01 29 02 57 12,3.18,0.27,2.02,0.23,-4.92,0.24,6.36,0.27,00,-00,0982,1200
2022 01 29 03 02 12,3.18,0.27,2.02,0.23,-5.21,0.24,6.36,0.27,00,-00,0982,1200
2022 01 29 03 07 12,2.89,0.28,2.02,0.23,-5.21,0.25,6.36,0.27,00,-00,0982,1200
2022 01 29 03 12 13,2.89,0.28,2.02,0.24,-5.21,0.25,6.07,0.27,00,-00,0982,1200
2022 01 29 03 17 13,2.89,0.28,1.74,0.25,-5.21,0.24,5.78,0.28,00,-00,0982,1200
2022 01 29 03 22 13,2.89,0.29,1.74,0.25,-5.21,0.24,5.78,0.28,00,00,0982,6000
2022 01 29 03 27 13,2.89,0.29,1.74,0.26,-5.21,0.23,5.50,0.28,00,00,0982,6000
2022 01 29 03 32 14,2.60,0.29,1.74,0.26,-5.21,0.23,5.50,0.28,00,00,0982,6000
2022 01 29 03 37 14,2.60,0.30,1.45,0.26,-4.92,0.23,5.21,0.28,00,00,0982,6000
2022 01 29 03 42 15,2.60,0.30,1.45,0.26,-4.92,0.22,5.21,0.28,00,00,0982,6000
2022 01 29 03 47 15,2.60,0.30,1.45,0.26,-4.92,0.22,5.21,0.28,00,00,0982,6000
2022 01 29 03 52 16,2.60,0.30,1.45,0.26,-4.63,0.22,5.21,0.28,00,00,0982,6000
2022 01 29 03 57 16,2.60,0.31,1.45,0.27,-4.63,0.22,5.21,0.29,00,00,0982,6000
2022 01 29 04 02 16,2.60,0.30,1.45,0.27,-4.63,0.21,4.92,0.29,00,00,0982,6000
2022 01 29 04 07 17,2.60,0.30,1.45,0.27,-4.63,0.21,4.92,0.29,00,00,0982,6000
2022 01 29 04 12 17,2.60,0.31,1.45,0.27,-4.63,0.20,4.92,0.29,00,00,0982,6000
2022 01 29 04 17 18,2.60,0.31,1.45,0.27,-4.63,0.20,4.92,0.29,00,00,0982,6000
2022 01 29 04 22 18,2.60,0.30,1.45,0.27,-4.34,0.20,4.63,0.28,00,00,0983,4000
2022 01 29 04 27 18,2.60,0.30,1.45,0.27,-4.34,0.19,4.63,0.29,00,00,0983,4000
2022 01 29 04 32 19,2.60,0.30,1.16,0.27,-4.34,0.18,4.34,0.28,00,00,0983,4000
2022 01 29 04 37 19,2.60,0.29,1.16,0.27,-4.05,0.17,3.47,0.29,00,00,0983,4000
2022 01 29 04 42 19,2.60,0.29,0.58,0.28,-4.05,0.18,2.31,0.29,00,00,0983,4000
2022 01 29 04 47 20,2.60,0.29,0.58,0.28,-4.05,0.19,1.16,0.31,00,00,0983,4000
2022 01 29 04 52 20,2.60,0.29,0.58,0.28,-4.05,0.18,1.16,0.31,00,00,0983,3000
2022 01 29 04 57 21,2.31,0.31,0.29,0.29,-4.05,0.19,0.29,0.32,00,00,0983,3000
2022 01 29 05 02 21,2.31,0.31,0.29,0.29,-4.05,0.19,1.16,0.32,00,00,0983,3000
2022 01 29 05 07 21,2.31,0.30,0.58,0.28,-4.05,0.18,1.74,0.31,00,00,0983,3000
2022 01 29 05 12 22,2.31,0.30,0.87,0.28,-4.05,0.18,2.60,0.30,00,00,0983,3000
2022 01 29 05 17 22,2.31,0.30,0.87,0.28,-4.05,0.18,2.60,0.29,00,00,0983,3000
2022 01 29 05 22 22,2.31,0.29,0.87,0.27,-3.76,0.18,3.18,0.29,00,-00,0984,4000
2022 01 29 05 27 22,2.31,0.29,0.87,0.27,-3.76,0.17,3.18,0.29,00,-00,0984,4000
2022 01 29 05 32 23,2.31,0.29,0.87,0.26,-3.47,0.17,3.18,0.28,00,-00,0984,4000
2022 01 29 05 37 23,2.31,0.29,1.16,0.26,-3.47,0.17,3.47,0.28,00,-00,0984,4000
2022 01 29 05 42 24,2.31,0.28,1.16,0.26,-3.18,0.16,3.47,0.28,00,-00,0984,4000
2022 01 29 05 47 24,2.31,0.28,0.87,0.25,-3.18,0.16,3.76,0.28,00,-00,0984,4000
2022 01 29 05 52 24,2.31,0.28,1.16,0.25,-2.89,0.16,3.76,0.27,00,00,0985,4000
2022 01 29 05 57 25,2.31,0.28,0.87,0.25,-2.89,0.16,3.76,0.27,00,00,0985,4000
2022 01 29 06 02 25,2.31,0.28,0.87,0.25,-2.89,0.16,3.76,0.27,00,00,0985,4000
2022 01 29 06 07 25,2.31,0.27,1.16,0.25,-2.60,0.15,3.76,0.26,00,00,0985,4000
2022 01 29 06 12 25,2.60,0.27,0.87,0.25,-2.60,0.15,3.76,0.26,00,00,0985,4000
2022 01 29 06 17 26,2.31,0.27,1.16,0.24,-2.60,0.14,4.05,0.26,00,00,0985,4000
2022 01 29 06 22 26,2.31,0.27,1.16,0.24,-2.60,0.15,4.05,0.26,00,00,0986,9999
2022 01 29 06 27 27,2.31,0.26,1.16,0.24,-2.60,0.14,4.05,0.26,00,00,0986,9999
2022 01 29 06 32 27,2.31,0.26,1.16,0.24,-2.31,0.14,4.05,0.26,00,00,0986,9999
2022 01 29 06 37 28,2.60,0.26,1.16,0.24,-2.31,0.14,4.05,0.26,00,00,0986,9999
2022 01 29 06 42 28,2.31,0.26,1.16,0.23,-2.31,0.14,4.05,0.26,00,00,0986,9999
2022 01 29 06 47 28,2.31,0.26,1.16,0.23,-2.31,0.14,4.05,0.26,00,00,0986,9999
2022 01 29 06 52 28,2.60,0.26,1.16,0.23,-2.31,0.14,4.05,0.26,00,-00,0987,9999
2022 01 29 06 57 29,2.60,0.26,1.16,0.23,-2.02,0.14,4.05,0.26,00,-00,0987,9999
2022 01 29 07 02 30,2.31,0.26,1.16,0.23,-2.02,0.14,4.05,0.26,00,-00,0987,9999
2022 01 29 07 07 30,2.31,0.26,1.45,0.23,-2.02,0.14,4.05,0.25,00,-00,0987,9999
2022 01 29 07 12 31,2.31,0.26,1.45,0.23,-1.74,0.14,4.34,0.25,00,-00,0987,9999
2022 01 29 07 17 32,2.31,0.26,1.16,0.23,-1.74,0.13,4.34,0.25,00,-00,0987,9999
2022 01 29 07 22 32,2.60,0.26,1.45,0.23,-1.74,0.13,4.05,0.26,01,00,0988,9999
2022 01 29 07 27 32,2.60,0.25,1.16,0.22,-1.74,0.14,4.34,0.25,01,00,0988,9999
2022 01 29 07 32 33,2.60,0.25,1.16,0.23,-2.02,0.13,4.34,0.25,01,00,0988,9999
2022 01 29 07 37 33,2.60,0.25,1.45,0.22,-1.74,0.13,4.05,0.25,01,00,0988,9999
2022 01 29 07 42 34,2.60,0.25,1.45,0.22,-1.74,0.13,4.34,0.25,01,00,0988,9999
2022 01 29 07 47 34,2.60,0.25,1.16,0.22,-1.45,0.13,4.34,0.25,01,00,0988,9999
2022 01 29 07 52 34,2.60,0.25,1.45,0.22,-1.45,0.13,4.34,0.25,00,-00,0989,9999
2022 01 29 07 57 34,2.60,0.25,1.16,0.22,-1.16,0.12,4.34,0.25,00,-00,0989,9999
2022 01 29 08 02 35,2.60,0.25,1.16,0.22,-1.45,0.12,4.05,0.25,00,-00,0989,9999
2022 01 29 08 07 35,2.60,0.25,1.45,0.22,-1.16,0.12,4.34,0.25,00,-00,0989,9999
2022 01 29 08 12 35,2.60,0.25,1.45,0.22,-1.16,0.11,4.34,0.25,00,-00,0989,9999
2022 01 29 08 17 35,2.60,0.25,1.45,0.22,-1.16,0.11,4.34,0.25,00,-00,0989,9999
2022 01 29 08 22 36,2.60,0.25,1.45,0.22,-0.87,0.11,4.34,0.25,00,-00,0991,9999
2022 01 29 08 27 37,2.60,0.25,1.45,0.22,-0.87,0.11,4.63,0.25,00,-00,0991,9999
2022 01 29 08 32 37,2.60,0.25,1.45,0.22,-0.87,0.11,4.34,0.25,00,-00,0991,9999
2022 01 29 08 37 37,2.60,0.24,1.45,0.21,-0.87,0.11,4.34,0.24,00,-00,0991,9999
2022 01 29 08 42 37,2.60,0.24,1.16,0.21,-0.58,0.10,4.34,0.25,00,-00,0991,9999
2022 01 29 08 47 37,2.60,0.24,1.45,0.21,-0.58,0.10,4.34,0.24,00,-00,0991,9999
2022 01 29 08 52 37,2.60,0.24,1.16,0.21,-0.58,0.10,4.34,0.24,01,-01,0991,9999
2022 01 29 08 57 37,2.60,0.24,1.45,0.21,-0.58,0.10,4.34,0.24,01,-01,0991,9999
2022 01 29 09 02 38,2.89,0.24,1.45,0.21,-0.29,0.08,4.34,0.25,01,-01,0991,9999
2022 01 29 09 07 38,2.60,0.24,1.45,0.21,-0.58,0.10,4.34,0.24,01,-01,0991,9999
2022 01 29 09 12 39,2.60,0.24,1.45,0.21,-0.29,0.09,4.34,0.24,01,-01,0991,9999
2022 01 29 09 17 39,2.60,0.25,1.16,0.22,-0.58,0.10,4.05,0.25,01,-01,0991,9999
2022 01 29 09 22 40,2.60,0.23,1.45,0.20,-0.29,0.09,4.34,0.23,01,-01,0992,9999
2022 01 29 09 27 40,2.60,0.24,1.45,0.21,-0.29,0.07,4.63,0.24,01,-01,0992,9999
2022 01 29 09 32 41,2.60,0.23,1.45,0.20,0.00,0.10,4.34,0.23,01,-01,0992,9999
2022 01 29 09 37 41,2.60,0.23,1.45,0.20,0.00,0.09,4.34,0.23,01,-01,0992,9999
2022 01 29 09 42 42,2.60,0.24,1.45,0.21,-0.29,0.08,4.34,0.24,01,-01,0992,9999
2022 01 29 09 47 42,2.60,0.23,1.45,0.20,0.00,0.08,4.34,0.23,01,-01,0992,9999
2022 01 29 09 52 42,2.60,0.23,1.45,0.20,0.00,0.07,4.34,0.23,02,-01,0993,9999
2022 01 29 09 57 42,2.60,0.24,1.45,0.21,0.00,0.07,4.63,0.24,02,-01,0993,9999
2022 01 29 10 02 42,2.60,0.24,1.45,0.21,0.29,0.08,4.63,0.25,02,-01,0993,9999
2022 01 29 10 07 43,2.89,0.24,1.45,0.21,0.29,0.10,4.34,0.24,02,-01,0993,9999
2022 01 29 10 12 43,2.60,0.25,1.74,0.22,0.00,0.07,4.63,0.25,02,-01,0993,9999
2022 01 29 10 17 43,2.89,0.25,1.45,0.22,-0.29,0.08,4.63,0.25,02,-01,0993,9999
2022 01 29 10 22 44,2.89,0.24,1.74,0.21,0.00,0.08,4.63,0.25,02,-01,0993,9999
2022 01 29 10 27 44,2.89,0.25,1.74,0.21,0.00,0.09,4.63,0.25,02,-01,0993,9999
2022 01 29 10 32 45,2.60,0.25,1.45,0.22,0.58,0.08,4.63,0.26,02,-01,0993,9999
2022 01 29 10 37 46,2.60,0.27,1.16,0.24,0.29,0.07,4.05,0.26,02,-01,0993,9999
2022 01 29 10 42 46,2.60,0.28,1.16,0.25,0.00,0.08,4.05,0.28,02,-01,0993,9999
2022 01 29 10 47 46,2.89,0.28,1.45,0.25,0.29,0.07,4.92,0.26,02,-01,0993,9999
2022 01 29 10 52 46,2.60,0.30,1.16,0.27,-0.87,0.07,3.76,0.29,01,-01,0994,9999
2022 01 29 10 57 47,2.31,0.31,0.87,0.29,-1.16,0.09,2.60,0.29,01,-01,0994,9999
2022 01 29 11 02 47,2.89,0.30,1.16,0.26,-1.16,0.05,4.34,0.28,01,-01,0994,9999
2022 01 29 11 07 46,2.89,0.29,1.45,0.26,-0.29,-0.01,3.76,0.30,01,-01,0994,9999
2022 01 29 11 12 47,3.47,0.22,2.31,0.18,0.00,0.02,5.50,0.25,01,-01,0994,9999
2022 01 29 11 17 47,3.18,0.25,1.74,0.20,-0.87,0.05,5.50,0.25,01,-01,0994,9999
2022 01 29 11 22 48,3.18,0.26,1.74,0.22,-1.74,0.10,5.50,0.26,01,-01,0994,9999
2022 01 29 11 27 48,3.47,0.25,2.02,0.20,-2.60,0.08,6.07,0.25,01,-01,0994,9999
2022 01 29 11 32 49,3.47,0.26,2.02,0.22,-2.60,0.08,6.07,0.26,01,-01,0994,9999
2022 01 29 11 37 49,3.76,0.25,2.02,0.21,-1.45,0.05,5.50,0.26,01,-01,0994,9999
2022 01 29 11 42 49,3.47,0.26,2.02,0.22,-1.74,0.05,5.50,0.26,01,-01,0994,9999
2022 01 29 11 47 49,3.47,0.26,1.74,0.23,-2.02,0.09,5.78,0.26,01,-01,0994,9999
2022 01 29 11 52 50,3.76,0.26,2.02,0.22,-1.45,0.05,5.50,0.26,01,00,0995,9999
2022 01 29 11 57 50,3.76,0.26,1.74,0.22,0.29,-0.03,4.92,0.27,01,00,0995,9999
2022 01 29 12 02 51,3.76,0.26,1.74,0.22,0.00,0.00,4.63,0.27,01,00,0995,9999
2022 01 29 12 07 52,3.47,0.26,1.74,0.23,0.29,0.03,5.21,0.26,01,00,0995,9999
2022 01 29 12 12 52,3.47,0.28,1.74,0.23,-0.29,0.05,5.21,0.27,01,00,0995,9999
2022 01 29 12 17 52,3.47,0.26,2.02,0.22,0.58,0.00,5.50,0.26,01,00,0995,9999
2022 01 29 12 22 52,3.47,0.26,2.31,0.22,-0.29,0.07,7.81,0.22,01,00,0995,9999
2022 01 29 12 27 52,3.76,0.23,2.31,0.18,-0.29,0.08,7.81,0.21,01,00,0995,9999
2022 01 29 12 32 53,3.76,0.23,2.60,0.18,0.00,0.07,8.68,0.20,01,00,0995,9999
2022 01 29 12 37 53,3.76,0.23,2.60,0.18,0.58,0.08,8.39,0.21,01,00,0995,9999
2022 01 29 12 42 53,4.05,0.22,2.89,0.16,2.02,0.02,9.26,0.20,01,00,0995,9999
2022 01 29 12 47 54,3.18,0.26,1.74,0.23,1.16,0.02,5.50,0.26,01,00,0995,9999
2022 01 29 12 52 55,3.76,0.26,2.02,0.22,0.00,0.04,5.50,0.26,01,-00,0996,9999
2022 01 29 12 57 55,3.76,0.27,2.02,0.23,-0.29,0.08,5.50,0.26,01,-00,0996,9999
2022 01 29 13 02 55,3.76,0.28,2.31,0.22,-0.58,0.08,7.23,0.24,01,-00,0996,9999
2022 01 29 13 07 55,3.76,0.26,2.31,0.22,0.87,0.06,7.52,0.23,01,-00,0996,9999
2022 01 29 13 12 56,3.76,0.25,2.31,0.19,0.58,0.10,8.10,0.22,01,-00,0996,9999
2022 01 29 13 17 56,3.47,0.25,2.31,0.19,0.29,0.14,7.81,0.22,01,-00,0996,9999
2022 01 29 13 22 56,2.89,0.26,2.60,0.22,0.58,0.11,6.94,0.23,02,-02,0996,9999
2022 01 29 13 27 57,2.60,0.29,1.74,0.26,1.16,0.10,5.50,0.26,02,-02,0996,9999
2022 01 29 13 32 57,2.89,0.31,1.45,0.27,1.16,0.08,5.21,0.27,02,-02,0996,9999
2022 01 29 13 37 57,2.60,0.32,1.45,0.28,1.74,0.07,5.21,0.28,02,-02,0996,9999
2022 01 29 13 42 57,2.60,0.32,1.74,0.28,1.74,0.07,4.92,0.28,02,-02,0996,9999
2022 01 29 13 47 58,2.31,0.33,0.87,0.30,2.02,0.07,4.05,0.29,02,-02,0996,9999
